,EVENTMSGACTIONTYPE,EVENTMSGTYPE,EVENTNUM,GAME_ID,HOMEDESCRIPTION,NEUTRALDESCRIPTION,PCTIMESTRING,PERIOD,PERSON1TYPE,PERSON2TYPE,PERSON3TYPE,PLAYER1_ID,PLAYER1_NAME,PLAYER1_TEAM_ABBREVIATION,PLAYER1_TEAM_CITY,PLAYER1_TEAM_ID,PLAYER1_TEAM_NICKNAME,PLAYER2_ID,PLAYER2_NAME,PLAYER2_TEAM_ABBREVIATION,PLAYER2_TEAM_CITY,PLAYER2_TEAM_ID,PLAYER2_TEAM_NICKNAME,PLAYER3_ID,PLAYER3_NAME,PLAYER3_TEAM_ABBREVIATION,PLAYER3_TEAM_CITY,PLAYER3_TEAM_ID,PLAYER3_TEAM_NICKNAME,SCORE,SCOREMARGIN,VISITORDESCRIPTION,WCTIMESTRING
0,0,12,0,0021600457,,,12:00,1,0.0,0,0,0,,,,,,0,,,,,,0,,,,,,,,,2:39 PM
1,0,10,1,0021600457,Jump Ball Thompson vs. Pachulia: Tip to Green,,12:00,1,4.0,5,5,202684,Tristan Thompson,CLE,Cleveland,1610612739.0,Cavaliers,2585,Zaza Pachulia,GSW,Golden State,1610612744.0,Warriors,203110,Draymond Green,GSW,Golden State,1610612744.0,Warriors,,,,2:39 PM
2,45,5,2,0021600457,,,11:42,1,5.0,0,0,201939,Stephen Curry,GSW,Golden State,1610612744.0,Warriors,0,,,,,,0,,,,,,,,Curry Out of Bounds - Bad Pass Turnover Turnover (P1.T1),2:39 PM
3,1,5,3,0021600457,James Bad Pass Turnover (P1.T1),,11:22,1,4.0,5,0,2544,LeBron James,CLE,Cleveland,1610612739.0,Cavaliers,201142,Kevin Durant,GSW,Golden State,1610612744.0,Warriors,0,,,,,,,,Durant STEAL (1 STL),2:39 PM
4,41,1,4,0021600457,,,11:17,1,5.0,0,0,201142,Kevin Durant,GSW,Golden State,1610612744.0,Warriors,0,,,,,,0,,,,,,2 - 0,-2,Durant 1' Running Layup (2 PTS),2:39 PM
5,42,2,5,0021600457,MISS James 1' Driving Layup,,10:59,1,4.0,0,0,2544,LeBron James,CLE,Cleveland,1610612739.0,Cavaliers,0,,,,,,0,,,,,,,,,2:40 PM
6,0,4,6,0021600457,,,10:58,1,5.0,0,0,2585,Zaza Pachulia,GSW,Golden State,1610612744.0,Warriors,0,,,,,,0,,,,,,,,Pachulia REBOUND (Off:0 Def:1),2:40 PM
7,1,2,7,0021600457,,,10:51,1,5.0,0,0,202691,Klay Thompson,GSW,Golden State,1610612744.0,Warriors,0,,,,,,0,,,,,,,,MISS Thompson  3PT Jump Shot,2:40 PM
8,0,4,8,0021600457,Love REBOUND (Off:0 Def:1),,10:50,1,4.0,0,0,201567,Kevin Love,CLE,Cleveland,1610612739.0,Cavaliers,0,,,,,,0,,,,,,,,,2:40 PM
9,1,2,9,0021600457,MISS Love 25' 3PT Jump Shot,,10:42,1,4.0,0,0,201567,Kevin Love,CLE,Cleveland,1610612739.0,Cavaliers,0,,,,,,0,,,,,,,,,2:40 PM
10,0,4,10,0021600457,,,10:42,1,5.0,0,0,2585,Zaza Pachulia,GSW,Golden State,1610612744.0,Warriors,0,,,,,,0,,,,,,,,Pachulia REBOUND (Off:0 Def:2),2:40 PM
11,1,5,11,0021600457,Love STEAL (1 STL),,10:30,1,5.0,4,0,203110,Draymond Green,GSW,Golden State,1610612744.0,Warriors,201567,Kevin Love,CLE,Cleveland,1610612739.0,Cavaliers,0,,,,,,,,Green Bad Pass Turnover (P1.T2),2:40 PM
12,41,2,12,0021600457,MISS Irving 1' Running Layup,,10:24,1,4.0,0,0,202681,Kyrie Irving,CLE,Cleveland,1610612739.0,Cavaliers,0,,,,,,0,,,,,,,,,2:40 PM
13,0,4,13,0021600457,CAVALIERS Rebound,,10:24,1,2.0,0,0,1610612739,,,,,,0,,,,,,0,,,,,,,,,2:40 PM
14,2,6,15,0021600457,,,10:08,1,5.0,4,1,203110,Draymond Green,GSW,Golden State,1610612744.0,Warriors,201567,Kevin Love,CLE,Cleveland,1610612739.0,Cavaliers,0,,,,,,,,Green S.FOUL (P1.T1) (M.Callahan),2:41 PM
15,11,3,16,0021600457,Love Free Throw 1 of 2 (1 PTS),,10:08,1,4.0,0,0,201567,Kevin Love,CLE,Cleveland,1610612739.0,Cavaliers,0,,,,,,0,,,,,,2 - 1,-1,,2:41 PM
16,12,3,18,0021600457,Love Free Throw 2 of 2 (2 PTS),,10:08,1,4.0,0,0,201567,Kevin Love,CLE,Cleveland,1610612739.0,Cavaliers,0,,,,,,0,,,,,,2 - 2,TIE,,2:42 PM
17,42,1,20,0021600457,,,9:57,1,5.0,5,0,202691,Klay Thompson,GSW,Golden State,1610612744.0,Warriors,2585,Zaza Pachulia,GSW,Golden State,1610612744.0,Warriors,0,,,,,,4 - 2,-2,Thompson 2' Driving Layup (2 PTS) (Pachulia 1 AST),2:42 PM
18,3,2,21,0021600457,MISS Thompson 6' Hook Shot,,9:38,1,4.0,0,0,202684,Tristan Thompson,CLE,Cleveland,1610612739.0,Cavaliers,0,,,,,,0,,,,,,,,,2:42 PM
19,0,4,22,0021600457,,,9:38,1,5.0,0,0,2585,Zaza Pachulia,GSW,Golden State,1610612744.0,Warriors,0,,,,,,0,,,,,,,,Pachulia REBOUND (Off:0 Def:3),2:42 PM
20,1,2,23,0021600457,,,9:31,1,5.0,0,0,202691,Klay Thompson,GSW,Golden State,1610612744.0,Warriors,0,,,,,,0,,,,,,,,MISS Thompson 27' 3PT Jump Shot,2:42 PM
21,0,4,24,0021600457,Liggins REBOUND (Off:0 Def:1),,9:31,1,4.0,0,0,202732,DeAndre Liggins,CLE,Cleveland,1610612739.0,Cavaliers,0,,,,,,0,,,,,,,,,2:42 PM
22,2,6,25,0021600457,,,9:25,1,5.0,4,1,203110,Draymond Green,GSW,Golden State,1610612744.0,Warriors,202732,DeAndre Liggins,CLE,Cleveland,1610612739.0,Cavaliers,0,,,,,,,,Green S.FOUL (P2.T2) (M.Boland),2:42 PM
23,11,6,26,0021600457,,,9:25,1,5.0,0,1,203110,Draymond Green,GSW,Golden State,1610612744.0,Warriors,0,,,,,,0,,,,,,,,Green T.FOUL (P2.T2) (M.Boland),2:43 PM
24,16,3,27,0021600457,Irving Free Throw Technical (1 PTS),,9:25,1,4.0,0,0,202681,Kyrie Irving,CLE,Cleveland,1610612739.0,Cavaliers,0,,,,,,0,,,,,,4 - 3,-1,,2:43 PM
25,11,3,29,0021600457,MISS Liggins Free Throw 1 of 2,,9:25,1,4.0,0,0,202732,DeAndre Liggins,CLE,Cleveland,1610612739.0,Cavaliers,0,,,,,,0,,,,,,,,,2:43 PM
26,1,4,30,0021600457,CAVALIERS Rebound,,9:25,1,2.0,0,0,1610612739,,,,,,0,,,,,,0,,,,,,,,,2:43 PM
27,0,8,31,0021600457,,,9:25,1,5.0,5,0,203110,Draymond Green,GSW,Golden State,1610612744.0,Warriors,1626172,Kevon Looney,GSW,Golden State,1610612744.0,Warriors,0,,,,,,,,SUB: Looney FOR Green,2:44 PM
28,12,3,32,0021600457,MISS Liggins Free Throw 2 of 2,,9:25,1,4.0,0,0,202732,DeAndre Liggins,CLE,Cleveland,1610612739.0,Cavaliers,0,,,,,,0,,,,,,,,,2:44 PM
29,0,4,34,0021600457,,,9:24,1,5.0,0,0,201142,Kevin Durant,GSW,Golden State,1610612744.0,Warriors,0,,,,,,0,,,,,,,,Durant REBOUND (Off:0 Def:1),2:44 PM
30,2,6,35,0021600457,Thompson S.FOUL (P1.T1) (M.Boland),,9:20,1,4.0,5,1,202684,Tristan Thompson,CLE,Cleveland,1610612739.0,Cavaliers,201142,Kevin Durant,GSW,Golden State,1610612744.0,Warriors,0,,,,,,,,,2:44 PM
31,11,3,36,0021600457,,,9:20,1,5.0,0,0,201142,Kevin Durant,GSW,Golden State,1610612744.0,Warriors,0,,,,,,0,,,,,,5 - 3,-2,Durant Free Throw 1 of 2 (3 PTS),2:44 PM
32,12,3,38,0021600457,,,9:20,1,5.0,0,0,201142,Kevin Durant,GSW,Golden State,1610612744.0,Warriors,0,,,,,,0,,,,,,6 - 3,-3,Durant Free Throw 2 of 2 (4 PTS),2:45 PM
33,1,1,40,0021600457,Love 25' 3PT Jump Shot (5 PTS) (Irving 1 AST),,9:06,1,4.0,4,0,201567,Kevin Love,CLE,Cleveland,1610612739.0,Cavaliers,202681,Kyrie Irving,CLE,Cleveland,1610612739.0,Cavaliers,0,,,,,,6 - 6,TIE,,2:45 PM
34,2,5,42,0021600457,Irving STEAL (1 STL),,8:45,1,5.0,4,0,2585,Zaza Pachulia,GSW,Golden State,1610612744.0,Warriors,202681,Kyrie Irving,CLE,Cleveland,1610612739.0,Cavaliers,0,,,,,,,,Pachulia Lost Ball Turnover (P1.T3),2:46 PM
35,41,2,43,0021600457,MISS James 1' Running Layup,,8:37,1,4.0,0,0,2544,LeBron James,CLE,Cleveland,1610612739.0,Cavaliers,0,,,,,,0,,,,,,,,,2:46 PM
36,0,4,44,0021600457,Thompson REBOUND (Off:1 Def:0),,8:37,1,4.0,0,0,202684,Tristan Thompson,CLE,Cleveland,1610612739.0,Cavaliers,0,,,,,,0,,,,,,,,,2:46 PM
37,0,10,45,0021600457,Jump Ball Thompson vs. Thompson: Tip to James,,8:37,1,4.0,5,4,202684,Tristan Thompson,CLE,Cleveland,1610612739.0,Cavaliers,202691,Klay Thompson,GSW,Golden State,1610612744.0,Warriors,2544,LeBron James,CLE,Cleveland,1610612739.0,Cavaliers,,,,2:46 PM
38,45,5,46,0021600457,James Out of Bounds - Bad Pass Turnover Turnover (P2.T2),,8:33,1,4.0,0,0,2544,LeBron James,CLE,Cleveland,1610612739.0,Cavaliers,0,,,,,,0,,,,,,,,,2:47 PM
39,1,2,48,0021600457,,,8:10,1,5.0,0,0,201142,Kevin Durant,GSW,Golden State,1610612744.0,Warriors,0,,,,,,0,,,,,,,,MISS Durant 27' 3PT Jump Shot,2:47 PM
40,0,4,49,0021600457,James REBOUND (Off:0 Def:1),,8:09,1,4.0,0,0,2544,LeBron James,CLE,Cleveland,1610612739.0,Cavaliers,0,,,,,,0,,,,,,,,,2:47 PM
41,42,2,50,0021600457,MISS Love 2' Driving Layup,,7:59,1,4.0,0,0,201567,Kevin Love,CLE,Cleveland,1610612739.0,Cavaliers,0,,,,,,0,,,,,,,,,2:47 PM
42,0,4,51,0021600457,,,7:58,1,5.0,0,0,201142,Kevin Durant,GSW,Golden State,1610612744.0,Warriors,0,,,,,,0,,,,,,,,Durant REBOUND (Off:0 Def:2),2:47 PM
43,5,1,52,0021600457,,,7:49,1,5.0,5,0,2585,Zaza Pachulia,GSW,Golden State,1610612744.0,Warriors,201142,Kevin Durant,GSW,Golden State,1610612744.0,Warriors,0,,,,,,8 - 6,-2,Pachulia 1' Layup (2 PTS) (Durant 1 AST),2:48 PM
44,1,2,53,0021600457,MISS Love 26' 3PT Jump Shot,,7:35,1,4.0,0,0,201567,Kevin Love,CLE,Cleveland,1610612739.0,Cavaliers,0,,,,,,0,,,,,,,,,2:48 PM
45,0,4,54,0021600457,CAVALIERS Rebound,,7:34,1,2.0,0,0,1610612739,,,,,,0,,,,,,0,,,,,,,,,2:48 PM
46,3,6,55,0021600457,,,7:34,1,5.0,4,1,2585,Zaza Pachulia,GSW,Golden State,1610612744.0,Warriors,202684,Tristan Thompson,CLE,Cleveland,1610612739.0,Cavaliers,0,,,,,,,,Pachulia L.B.FOUL (P1.T3) (S.Corbin),2:48 PM
47,0,8,56,0021600457,,,7:34,1,5.0,5,0,2585,Zaza Pachulia,GSW,Golden State,1610612744.0,Warriors,201580,JaVale McGee,GSW,Golden State,1610612744.0,Warriors,0,,,,,,,,SUB: McGee FOR Pachulia,2:48 PM
48,58,2,57,0021600457,MISS Love 3' Turnaround Hook Shot,,7:23,1,4.0,0,0,201567,Kevin Love,CLE,Cleveland,1610612739.0,Cavaliers,0,,,,,,0,,,,,,,,,2:48 PM
49,0,4,58,0021600457,,,7:21,1,5.0,0,0,202691,Klay Thompson,GSW,Golden State,1610612744.0,Warriors,0,,,,,,0,,,,,,,,Thompson REBOUND (Off:0 Def:1),2:48 PM
50,1,5,59,0021600457,Liggins STEAL (1 STL),,7:16,1,5.0,4,0,202691,Klay Thompson,GSW,Golden State,1610612744.0,Warriors,202732,DeAndre Liggins,CLE,Cleveland,1610612739.0,Cavaliers,0,,,,,,,,Thompson Bad Pass Turnover (P1.T4),2:49 PM
51,79,1,60,0021600457,Irving 14' Pullup Jump Shot (3 PTS),,7:05,1,4.0,0,0,202681,Kyrie Irving,CLE,Cleveland,1610612739.0,Cavaliers,0,,,,,,0,,,,,,8 - 8,TIE,,2:49 PM
52,1,9,61,0021600457,,,6:55,1,3.0,0,0,1610612744,,,,,,0,,,,,,0,,,,,,,,Warriors Timeout: Regular (Reg.1 Short 0),2:49 PM
53,1,2,65,0021600457,,,6:44,1,5.0,0,0,201142,Kevin Durant,GSW,Golden State,1610612744.0,Warriors,0,,,,,,0,,,,,,,,MISS Durant 25' 3PT Jump Shot,2:52 PM
54,0,4,66,0021600457,Liggins REBOUND (Off:0 Def:2),,6:43,1,4.0,0,0,202732,DeAndre Liggins,CLE,Cleveland,1610612739.0,Cavaliers,0,,,,,,0,,,,,,,,,2:52 PM
55,1,6,67,0021600457,,,6:41,1,5.0,4,1,1626172,Kevon Looney,GSW,Golden State,1610612744.0,Warriors,202732,DeAndre Liggins,CLE,Cleveland,1610612739.0,Cavaliers,0,,,,,,,,Looney P.FOUL (P1.T4) (S.Corbin),2:52 PM
56,82,1,68,0021600457,Irving 14' Driving Bank Shot (5 PTS) (Love 1 AST),,6:26,1,4.0,4,0,202681,Kyrie Irving,CLE,Cleveland,1610612739.0,Cavaliers,201567,Kevin Love,CLE,Cleveland,1610612739.0,Cavaliers,0,,,,,,8 - 10,2,,2:53 PM
57,1,2,69,0021600457,,,6:02,1,5.0,0,0,202691,Klay Thompson,GSW,Golden State,1610612744.0,Warriors,0,,,,,,0,,,,,,,,MISS Thompson  3PT Jump Shot,2:53 PM
58,0,4,71,0021600457,,,5:59,1,5.0,0,0,201580,JaVale McGee,GSW,Golden State,1610612744.0,Warriors,0,,,,,,0,,,,,,,,McGee REBOUND (Off:1 Def:0),2:53 PM
59,107,1,70,0021600457,,,5:59,1,5.0,0,0,201580,JaVale McGee,GSW,Golden State,1610612744.0,Warriors,0,,,,,,0,,,,,,10 - 10,TIE,McGee  Tip Dunk Shot (2 PTS),2:53 PM
60,1,2,72,0021600457,MISS Liggins 5' Jump Shot,,5:41,1,4.0,0,0,202732,DeAndre Liggins,CLE,Cleveland,1610612739.0,Cavaliers,0,,,,,,0,,,,,,,,,2:53 PM
61,0,4,73,0021600457,,,5:41,1,5.0,0,0,201580,JaVale McGee,GSW,Golden State,1610612744.0,Warriors,0,,,,,,0,,,,,,,,McGee REBOUND (Off:1 Def:1),2:53 PM
62,2,6,74,0021600457,Liggins S.FOUL (P1.T2) (S.Corbin),,5:31,1,4.0,5,1,202732,DeAndre Liggins,CLE,Cleveland,1610612739.0,Cavaliers,201142,Kevin Durant,GSW,Golden State,1610612744.0,Warriors,0,,,,,,,,,2:54 PM
63,11,3,75,0021600457,,,5:31,1,5.0,0,0,201142,Kevin Durant,GSW,Golden State,1610612744.0,Warriors,0,,,,,,0,,,,,,11 - 10,-1,Durant Free Throw 1 of 2 (5 PTS),2:54 PM
64,0,8,77,0021600457,SUB: Shumpert FOR Liggins,,5:31,1,4.0,4,0,202732,DeAndre Liggins,CLE,Cleveland,1610612739.0,Cavaliers,202697,Iman Shumpert,CLE,Cleveland,1610612739.0,Cavaliers,0,,,,,,,,,2:54 PM
65,12,3,78,0021600457,,,5:31,1,5.0,0,0,201142,Kevin Durant,GSW,Golden State,1610612744.0,Warriors,0,,,,,,0,,,,,,12 - 10,-2,Durant Free Throw 2 of 2 (6 PTS),2:54 PM
66,1,2,80,0021600457,MISS Shumpert  3PT Jump Shot,,5:13,1,4.0,0,0,202697,Iman Shumpert,CLE,Cleveland,1610612739.0,Cavaliers,0,,,,,,0,,,,,,,,,2:55 PM
67,0,4,81,0021600457,,,5:13,1,5.0,0,0,1626172,Kevon Looney,GSW,Golden State,1610612744.0,Warriors,0,,,,,,0,,,,,,,,Looney REBOUND (Off:0 Def:1),2:55 PM
68,1,5,82,0021600457,James STEAL (1 STL),,5:04,1,5.0,4,0,202691,Klay Thompson,GSW,Golden State,1610612744.0,Warriors,2544,LeBron James,CLE,Cleveland,1610612739.0,Cavaliers,0,,,,,,,,Thompson Bad Pass Turnover (P2.T5),2:55 PM
69,41,1,83,0021600457,James 2' Running Layup (2 PTS),,4:59,1,4.0,0,0,2544,LeBron James,CLE,Cleveland,1610612739.0,Cavaliers,0,,,,,,0,,,,,,12 - 12,TIE,,2:55 PM
70,49,1,84,0021600457,,,4:52,1,5.0,0,0,201142,Kevin Durant,GSW,Golden State,1610612744.0,Warriors,0,,,,,,0,,,,,,14 - 12,-2,Durant  Driving Dunk (8 PTS),2:55 PM
71,50,1,85,0021600457,James  Running Dunk (4 PTS) (Love 2 AST),,4:46,1,4.0,4,0,2544,LeBron James,CLE,Cleveland,1610612739.0,Cavaliers,201567,Kevin Love,CLE,Cleveland,1610612739.0,Cavaliers,0,,,,,,14 - 14,TIE,,2:55 PM
72,79,2,86,0021600457,,,4:36,1,5.0,0,0,201939,Stephen Curry,GSW,Golden State,1610612744.0,Warriors,0,,,,,,0,,,,,,,,MISS Curry 25' 3PT Pullup Jump Shot,2:55 PM
73,0,4,87,0021600457,Irving REBOUND (Off:0 Def:1),,4:36,1,4.0,0,0,202681,Kyrie Irving,CLE,Cleveland,1610612739.0,Cavaliers,0,,,,,,0,,,,,,,,,2:55 PM
74,45,2,88,0021600457,MISS Shumpert 15' Jump Shot,,4:27,1,4.0,0,0,202697,Iman Shumpert,CLE,Cleveland,1610612739.0,Cavaliers,0,,,,,,0,,,,,,,,,2:55 PM
75,0,4,89,0021600457,CAVALIERS Rebound,,4:27,1,2.0,0,0,1610612739,,,,,,0,,,,,,0,,,,,,,,,2:56 PM
76,1,2,91,0021600457,MISS Irving 15' Jump Shot,,4:16,1,4.0,0,0,202681,Kyrie Irving,CLE,Cleveland,1610612739.0,Cavaliers,0,,,,,,0,,,,,,,,,2:56 PM
77,0,4,92,0021600457,,,4:15,1,5.0,0,0,201142,Kevin Durant,GSW,Golden State,1610612744.0,Warriors,0,,,,,,0,,,,,,,,Durant REBOUND (Off:0 Def:3),2:56 PM
78,29,6,93,0021600457,Love Shooting Block Foul (P1.T3) (M.Boland),,3:58,1,4.0,5,1,201567,Kevin Love,CLE,Cleveland,1610612739.0,Cavaliers,201142,Kevin Durant,GSW,Golden State,1610612744.0,Warriors,0,,,,,,,,,2:56 PM
79,11,3,94,0021600457,,,3:58,1,5.0,0,0,201142,Kevin Durant,GSW,Golden State,1610612744.0,Warriors,0,,,,,,0,,,,,,15 - 14,-1,Durant Free Throw 1 of 2 (9 PTS),2:57 PM
80,0,8,96,0021600457,,,3:58,1,5.0,5,0,1626172,Kevon Looney,GSW,Golden State,1610612744.0,Warriors,2738,Andre Iguodala,GSW,Golden State,1610612744.0,Warriors,0,,,,,,,,SUB: Iguodala FOR Looney,2:57 PM
81,12,3,97,0021600457,,,3:58,1,5.0,0,0,201142,Kevin Durant,GSW,Golden State,1610612744.0,Warriors,0,,,,,,0,,,,,,16 - 14,-2,Durant Free Throw 2 of 2 (10 PTS),2:57 PM
82,1,2,99,0021600457,MISS James 25' 3PT Jump Shot,,3:47,1,4.0,0,0,2544,LeBron James,CLE,Cleveland,1610612739.0,Cavaliers,0,,,,,,0,,,,,,,,,2:58 PM
83,0,4,100,0021600457,,,3:46,1,5.0,0,0,201142,Kevin Durant,GSW,Golden State,1610612744.0,Warriors,0,,,,,,0,,,,,,,,Durant REBOUND (Off:0 Def:4),2:58 PM
84,82,1,101,0021600457,,,3:38,1,5.0,0,0,201142,Kevin Durant,GSW,Golden State,1610612744.0,Warriors,0,,,,,,0,,,,,,18 - 14,-4,Durant 10' Driving Bank Shot (12 PTS),2:58 PM
85,79,2,102,0021600457,MISS Shumpert 9' Pullup Jump Shot,,3:20,1,4.0,0,0,202697,Iman Shumpert,CLE,Cleveland,1610612739.0,Cavaliers,0,,,,,,0,,,,,,,,,2:58 PM
86,0,4,103,0021600457,,,3:19,1,3.0,0,0,1610612744,,,,,,0,,,,,,0,,,,,,,,Warriors Rebound,2:58 PM
87,2,9,104,0021600457,,,3:19,1,3.0,0,0,1610612744,,,,,,0,,,,,,0,,,,,,,,Warriors Timeout: Short (Reg.1 Short 1),2:58 PM
88,0,8,106,0021600457,,,3:19,1,5.0,5,0,202691,Klay Thompson,GSW,Golden State,1610612744.0,Warriors,203546,Ian Clark,GSW,Golden State,1610612744.0,Warriors,0,,,,,,,,SUB: Clark FOR Thompson,2:59 PM
89,0,8,107,0021600457,SUB: Jefferson FOR Thompson,,3:19,1,4.0,4,0,202684,Tristan Thompson,CLE,Cleveland,1610612739.0,Cavaliers,2210,Richard Jefferson,CLE,Cleveland,1610612739.0,Cavaliers,0,,,,,,,,,2:59 PM
90,0,8,108,0021600457,SUB: Frye FOR Irving,,3:19,1,4.0,4,0,202681,Kyrie Irving,CLE,Cleveland,1610612739.0,Cavaliers,101112,Channing Frye,CLE,Cleveland,1610612739.0,Cavaliers,0,,,,,,,,,2:59 PM
91,79,2,109,0021600457,,,2:59,1,5.0,0,0,203546,Ian Clark,GSW,Golden State,1610612744.0,Warriors,0,,,,,,0,,,,,,,,MISS Clark 18' Pullup Jump Shot,3:00 PM
92,0,4,110,0021600457,Love REBOUND (Off:0 Def:2),,2:58,1,4.0,0,0,201567,Kevin Love,CLE,Cleveland,1610612739.0,Cavaliers,0,,,,,,0,,,,,,,,,3:00 PM
93,1,9,112,0021600457,CAVALIERS Timeout: Regular (Full 1 Short 0),,2:47,1,2.0,0,0,1610612739,,,,,,0,,,,,,0,,,,,,,,,3:00 PM
94,0,8,115,0021600457,,,2:47,1,5.0,5,0,201580,JaVale McGee,GSW,Golden State,1610612744.0,Warriors,2561,David West,GSW,Golden State,1610612744.0,Warriors,0,,,,,,,,SUB: West FOR McGee,3:03 PM
95,45,5,116,0021600457,Frye Out of Bounds - Bad Pass Turnover Turnover (P1.T3),,2:41,1,4.0,0,0,101112,Channing Frye,CLE,Cleveland,1610612739.0,Cavaliers,0,,,,,,0,,,,,,,,,3:03 PM
96,2,6,117,0021600457,Frye S.FOUL (P1.T4) (S.Corbin),,2:30,1,4.0,5,1,101112,Channing Frye,CLE,Cleveland,1610612739.0,Cavaliers,2561,David West,GSW,Golden State,1610612744.0,Warriors,0,,,,,,,,,3:04 PM
97,11,3,118,0021600457,,,2:30,1,5.0,0,0,2561,David West,GSW,Golden State,1610612744.0,Warriors,0,,,,,,0,,,,,,19 - 14,-5,West Free Throw 1 of 2 (1 PTS),3:04 PM
98,12,3,120,0021600457,,,2:30,1,5.0,0,0,2561,David West,GSW,Golden State,1610612744.0,Warriors,0,,,,,,0,,,,,,20 - 14,-6,West Free Throw 2 of 2 (2 PTS),3:04 PM
99,42,1,122,0021600457,James 1' Driving Layup (6 PTS),,2:19,1,4.0,0,0,2544,LeBron James,CLE,Cleveland,1610612739.0,Cavaliers,0,,,,,,0,,,,,,20 - 16,-4,,3:04 PM
100,1,2,123,0021600457,,,2:07,1,5.0,0,0,201939,Stephen Curry,GSW,Golden State,1610612744.0,Warriors,0,,,,,,0,,,,,,,,MISS Curry 26' 3PT Jump Shot,3:05 PM
101,0,4,124,0021600457,CAVALIERS Rebound,,2:07,1,2.0,0,0,1610612739,,,,,,0,,,,,,0,,,,,,,,,3:05 PM
102,42,2,125,0021600457,MISS Shumpert 1' Driving Layup,,1:51,1,4.0,0,0,202697,Iman Shumpert,CLE,Cleveland,1610612739.0,Cavaliers,0,,,,,,0,,,,,,,,,3:05 PM
103,0,4,126,0021600457,Shumpert REBOUND (Off:1 Def:0),,1:49,1,4.0,0,0,202697,Iman Shumpert,CLE,Cleveland,1610612739.0,Cavaliers,0,,,,,,0,,,,,,,,,3:05 PM
104,1,2,127,0021600457,MISS Frye 25' 3PT Jump Shot,,1:47,1,4.0,0,0,101112,Channing Frye,CLE,Cleveland,1610612739.0,Cavaliers,0,,,,,,0,,,,,,,,,3:05 PM
105,0,4,128,0021600457,Love REBOUND (Off:1 Def:2),,1:47,1,4.0,0,0,201567,Kevin Love,CLE,Cleveland,1610612739.0,Cavaliers,0,,,,,,0,,,,,,,,,3:05 PM
106,72,1,129,0021600457,Love 2' Putback Layup (7 PTS),,1:45,1,4.0,0,0,201567,Kevin Love,CLE,Cleveland,1610612739.0,Cavaliers,0,,,,,,0,,,,,,20 - 18,-2,,3:05 PM
107,2,6,130,0021600457,James S.FOUL (P1.PN) (S.Corbin),,1:18,1,4.0,5,1,2544,LeBron James,CLE,Cleveland,1610612739.0,Cavaliers,201939,Stephen Curry,GSW,Golden State,1610612744.0,Warriors,0,,,,,,,,,3:06 PM
108,11,3,131,0021600457,,,1:18,1,5.0,0,0,201939,Stephen Curry,GSW,Golden State,1610612744.0,Warriors,0,,,,,,0,,,,,,21 - 18,-3,Curry Free Throw 1 of 2 (1 PTS),3:06 PM
109,12,3,133,0021600457,,,1:18,1,5.0,0,0,201939,Stephen Curry,GSW,Golden State,1610612744.0,Warriors,0,,,,,,0,,,,,,22 - 18,-4,Curry Free Throw 2 of 2 (2 PTS),3:06 PM
110,2,6,135,0021600457,,,1:09,1,5.0,4,1,201939,Stephen Curry,GSW,Golden State,1610612744.0,Warriors,2210,Richard Jefferson,CLE,Cleveland,1610612739.0,Cavaliers,0,,,,,,,,Curry S.FOUL (P1.PN) (M.Callahan),3:07 PM
111,11,3,136,0021600457,Jefferson Free Throw 1 of 2 (1 PTS),,1:09,1,4.0,0,0,2210,Richard Jefferson,CLE,Cleveland,1610612739.0,Cavaliers,0,,,,,,0,,,,,,22 - 19,-3,,3:07 PM
112,0,8,138,0021600457,,,1:09,1,5.0,5,0,201939,Stephen Curry,GSW,Golden State,1610612744.0,Warriors,202691,Klay Thompson,GSW,Golden State,1610612744.0,Warriors,0,,,,,,,,SUB: Thompson FOR Curry,3:07 PM
113,0,8,139,0021600457,SUB: Irving FOR James,,1:09,1,4.0,4,0,2544,LeBron James,CLE,Cleveland,1610612739.0,Cavaliers,202681,Kyrie Irving,CLE,Cleveland,1610612739.0,Cavaliers,0,,,,,,,,,3:07 PM
114,12,3,140,0021600457,Jefferson Free Throw 2 of 2 (2 PTS),,1:09,1,4.0,0,0,2210,Richard Jefferson,CLE,Cleveland,1610612739.0,Cavaliers,0,,,,,,0,,,,,,22 - 20,-2,,3:07 PM
115,98,1,142,0021600457,,,0:56,1,5.0,5,0,203546,Ian Clark,GSW,Golden State,1610612744.0,Warriors,2561,David West,GSW,Golden State,1610612744.0,Warriors,0,,,,,,24 - 20,-4,Clark 2' Cutting Layup Shot (2 PTS) (West 1 AST),3:08 PM
116,1,1,144,0021600457,Frye 24' 3PT Jump Shot (3 PTS) (Irving 2 AST),,0:43,1,4.0,4,0,101112,Channing Frye,CLE,Cleveland,1610612739.0,Cavaliers,202681,Kyrie Irving,CLE,Cleveland,1610612739.0,Cavaliers,0,,,,,,24 - 23,-1,,3:08 PM
117,1,6,145,0021600457,Shumpert P.FOUL (P1.PN) (M.Callahan),,0:31,1,4.0,5,1,202697,Iman Shumpert,CLE,Cleveland,1610612739.0,Cavaliers,202691,Klay Thompson,GSW,Golden State,1610612744.0,Warriors,0,,,,,,,,,3:08 PM
118,11,3,146,0021600457,,,0:31,1,5.0,0,0,202691,Klay Thompson,GSW,Golden State,1610612744.0,Warriors,0,,,,,,0,,,,,,25 - 23,-2,Thompson Free Throw 1 of 2 (3 PTS),3:09 PM
119,12,3,148,0021600457,,,0:31,1,5.0,0,0,202691,Klay Thompson,GSW,Golden State,1610612744.0,Warriors,0,,,,,,0,,,,,,,,MISS Thompson Free Throw 2 of 2,3:09 PM
120,0,4,150,0021600457,Frye REBOUND (Off:0 Def:1),,0:30,1,4.0,0,0,101112,Channing Frye,CLE,Cleveland,1610612739.0,Cavaliers,0,,,,,,0,,,,,,,,,3:09 PM
121,2,6,151,0021600457,,,0:20,1,5.0,4,1,2561,David West,GSW,Golden State,1610612744.0,Warriors,202697,Iman Shumpert,CLE,Cleveland,1610612739.0,Cavaliers,0,,,,,,,,West S.FOUL (P1.PN) (S.Corbin),3:10 PM
122,11,3,152,0021600457,Shumpert Free Throw 1 of 2 (1 PTS),,0:20,1,4.0,0,0,202697,Iman Shumpert,CLE,Cleveland,1610612739.0,Cavaliers,0,,,,,,0,,,,,,25 - 24,-1,,3:10 PM
123,0,8,154,0021600457,,,0:20,1,5.0,5,0,2738,Andre Iguodala,GSW,Golden State,1610612744.0,Warriors,201939,Stephen Curry,GSW,Golden State,1610612744.0,Warriors,0,,,,,,,,SUB: Curry FOR Iguodala,3:10 PM
124,0,8,155,0021600457,SUB: Thompson FOR Love,,0:20,1,4.0,4,0,201567,Kevin Love,CLE,Cleveland,1610612739.0,Cavaliers,202684,Tristan Thompson,CLE,Cleveland,1610612739.0,Cavaliers,0,,,,,,,,,3:10 PM
125,0,8,156,0021600457,SUB: Liggins FOR Frye,,0:20,1,4.0,4,0,101112,Channing Frye,CLE,Cleveland,1610612739.0,Cavaliers,202732,DeAndre Liggins,CLE,Cleveland,1610612739.0,Cavaliers,0,,,,,,,,,3:10 PM
126,12,3,157,0021600457,Shumpert Free Throw 2 of 2 (2 PTS),,0:20,1,4.0,0,0,202697,Iman Shumpert,CLE,Cleveland,1610612739.0,Cavaliers,0,,,,,,0,,,,,,25 - 25,TIE,,3:10 PM
127,98,1,159,0021600457,,,0:00,1,5.0,5,0,202691,Klay Thompson,GSW,Golden State,1610612744.0,Warriors,2561,David West,GSW,Golden State,1610612744.0,Warriors,0,,,,,,27 - 25,-2,Thompson 2' Cutting Layup Shot (5 PTS) (West 2 AST),3:11 PM
128,0,13,160,0021600457,,,0:00,1,0.0,0,0,0,,,,,,0,,,,,,0,,,,,,27 - 25,-2,,3:11 PM
129,0,12,162,0021600457,,,12:00,2,0.0,0,0,0,,,,,,0,,,,,,0,,,,,,27 - 25,-2,,3:15 PM
130,1,6,163,0021600457,,,11:49,2,5.0,4,1,2738,Andre Iguodala,GSW,Golden State,1610612744.0,Warriors,2544,LeBron James,CLE,Cleveland,1610612739.0,Cavaliers,0,,,,,,,,Iguodala P.FOUL (P1.T1) (S.Corbin),3:15 PM
131,1,2,164,0021600457,MISS James  3PT Jump Shot,,11:36,2,4.0,0,0,2544,LeBron James,CLE,Cleveland,1610612739.0,Cavaliers,0,,,,,,0,,,,,,,,,3:15 PM
132,0,4,165,0021600457,,,11:35,2,5.0,0,0,2733,Shaun Livingston,GSW,Golden State,1610612744.0,Warriors,0,,,,,,0,,,,,,,,Livingston REBOUND (Off:0 Def:1),3:15 PM
133,1,1,166,0021600457,,,11:21,2,5.0,5,0,202691,Klay Thompson,GSW,Golden State,1610612744.0,Warriors,2733,Shaun Livingston,GSW,Golden State,1610612744.0,Warriors,0,,,,,,30 - 25,-5,Thompson  3PT Jump Shot (8 PTS) (Livingston 1 AST),3:16 PM
134,1,2,167,0021600457,MISS Shumpert  3PT Jump Shot,,11:09,2,4.0,0,0,202697,Iman Shumpert,CLE,Cleveland,1610612739.0,Cavaliers,0,,,,,,0,,,,,,,,,3:16 PM
135,0,4,168,0021600457,James REBOUND (Off:1 Def:1),,11:09,2,4.0,0,0,2544,LeBron James,CLE,Cleveland,1610612739.0,Cavaliers,0,,,,,,0,,,,,,,,,3:16 PM
136,1,2,169,0021600457,MISS Jefferson 25' 3PT Jump Shot,,10:58,2,4.0,0,0,2210,Richard Jefferson,CLE,Cleveland,1610612739.0,Cavaliers,0,,,,,,0,,,,,,,,,3:16 PM
137,0,4,170,0021600457,Shumpert REBOUND (Off:2 Def:0),,10:58,2,4.0,0,0,202697,Iman Shumpert,CLE,Cleveland,1610612739.0,Cavaliers,0,,,,,,0,,,,,,,,,3:16 PM
138,108,1,171,0021600457,Frye  Cutting Dunk Shot (5 PTS) (Irving 3 AST),,10:51,2,4.0,4,0,101112,Channing Frye,CLE,Cleveland,1610612739.0,Cavaliers,202681,Kyrie Irving,CLE,Cleveland,1610612739.0,Cavaliers,0,,,,,,30 - 27,-3,,3:16 PM
139,5,2,172,0021600457,,,10:34,2,5.0,0,0,2561,David West,GSW,Golden State,1610612744.0,Warriors,0,,,,,,0,,,,,,,,MISS West 3' Layup,3:16 PM
140,0,4,173,0021600457,,,10:33,2,5.0,0,0,2561,David West,GSW,Golden State,1610612744.0,Warriors,0,,,,,,0,,,,,,,,West REBOUND (Off:1 Def:0),3:16 PM
141,1,1,174,0021600457,,,10:28,2,5.0,5,0,202691,Klay Thompson,GSW,Golden State,1610612744.0,Warriors,2561,David West,GSW,Golden State,1610612744.0,Warriors,0,,,,,,32 - 27,-5,Thompson 19' Jump Shot (10 PTS) (West 3 AST),3:17 PM
142,1,2,175,0021600457,MISS Irving 26' 3PT Jump Shot,,10:15,2,4.0,0,0,202681,Kyrie Irving,CLE,Cleveland,1610612739.0,Cavaliers,0,,,,,,0,,,,,,,,,3:17 PM
143,0,4,176,0021600457,,,10:15,2,5.0,0,0,203110,Draymond Green,GSW,Golden State,1610612744.0,Warriors,0,,,,,,0,,,,,,,,Green REBOUND (Off:0 Def:1),3:17 PM
144,1,2,177,0021600457,,,10:05,2,5.0,0,0,202691,Klay Thompson,GSW,Golden State,1610612744.0,Warriors,0,,,,,,0,,,,,,,,MISS Thompson  3PT Jump Shot,3:17 PM
145,0,4,178,0021600457,Shumpert REBOUND (Off:2 Def:1),,10:05,2,4.0,0,0,202697,Iman Shumpert,CLE,Cleveland,1610612739.0,Cavaliers,0,,,,,,0,,,,,,,,,3:17 PM
146,1,1,179,0021600457,Frye 24' 3PT Jump Shot (8 PTS) (James 1 AST),,9:49,2,4.0,4,0,101112,Channing Frye,CLE,Cleveland,1610612739.0,Cavaliers,2544,LeBron James,CLE,Cleveland,1610612739.0,Cavaliers,0,,,,,,32 - 30,-2,,3:17 PM
147,1,9,180,0021600457,,,9:42,2,3.0,0,0,1610612744,,,,,,0,,,,,,0,,,,,,,,Warriors Timeout: Regular (Reg.2 Short 1),3:17 PM
148,3,1,184,0021600457,,,9:35,2,5.0,5,0,2561,David West,GSW,Golden State,1610612744.0,Warriors,2738,Andre Iguodala,GSW,Golden State,1610612744.0,Warriors,0,,,,,,34 - 30,-4,West 6' Hook Shot (4 PTS) (Iguodala 1 AST),3:21 PM
149,2,6,185,0021600457,Shumpert S.FOUL (P2.T1) (M.Boland),,9:35,2,4.0,5,1,202697,Iman Shumpert,CLE,Cleveland,1610612739.0,Cavaliers,2561,David West,GSW,Golden State,1610612744.0,Warriors,0,,,,,,,,,3:21 PM
150,10,3,186,0021600457,,,9:35,2,5.0,0,0,2561,David West,GSW,Golden State,1610612744.0,Warriors,0,,,,,,0,,,,,,35 - 30,-5,West Free Throw 1 of 1 (5 PTS),3:21 PM
151,108,1,188,0021600457,Frye  Cutting Dunk Shot (10 PTS) (James 2 AST),,9:17,2,4.0,4,0,101112,Channing Frye,CLE,Cleveland,1610612739.0,Cavaliers,2544,LeBron James,CLE,Cleveland,1610612739.0,Cavaliers,0,,,,,,35 - 32,-3,,3:21 PM
152,1,2,189,0021600457,,,8:59,2,5.0,0,0,203110,Draymond Green,GSW,Golden State,1610612744.0,Warriors,0,,,,,,0,,,,,,,,MISS Green 26' 3PT Jump Shot,3:22 PM
153,0,4,190,0021600457,,,8:59,2,5.0,0,0,2738,Andre Iguodala,GSW,Golden State,1610612744.0,Warriors,0,,,,,,0,,,,,,,,Iguodala REBOUND (Off:1 Def:0),3:22 PM
154,98,1,191,0021600457,,,8:48,2,5.0,5,0,203110,Draymond Green,GSW,Golden State,1610612744.0,Warriors,2738,Andre Iguodala,GSW,Golden State,1610612744.0,Warriors,0,,,,,,37 - 32,-5,Green 1' Cutting Layup Shot (2 PTS) (Iguodala 2 AST),3:22 PM
155,40,2,192,0021600457,MISS Jefferson 2' Layup,,8:36,2,4.0,0,5,2210,Richard Jefferson,CLE,Cleveland,1610612739.0,Cavaliers,0,,,,,,2733,Shaun Livingston,GSW,Golden State,1610612744.0,Warriors,,,Livingston BLOCK (1 BLK),3:22 PM
156,0,4,202,0021600457,,,8:36,2,5.0,0,0,2733,Shaun Livingston,GSW,Golden State,1610612744.0,Warriors,0,,,,,,0,,,,,,,,Livingston REBOUND (Off:0 Def:2),3:22 PM
157,1,2,193,0021600457,,,8:27,2,5.0,0,0,2733,Shaun Livingston,GSW,Golden State,1610612744.0,Warriors,0,,,,,,0,,,,,,,,MISS Livingston 15' Jump Shot,3:22 PM
158,0,4,194,0021600457,James REBOUND (Off:1 Def:2),,8:25,2,4.0,0,0,2544,LeBron James,CLE,Cleveland,1610612739.0,Cavaliers,0,,,,,,0,,,,,,,,,3:22 PM
159,1,2,195,0021600457,MISS Shumpert 25' 3PT Jump Shot,,8:16,2,4.0,0,0,202697,Iman Shumpert,CLE,Cleveland,1610612739.0,Cavaliers,0,,,,,,0,,,,,,,,,3:22 PM
160,0,4,196,0021600457,James REBOUND (Off:2 Def:2),,8:16,2,4.0,0,0,2544,LeBron James,CLE,Cleveland,1610612739.0,Cavaliers,0,,,,,,0,,,,,,,,,3:22 PM
161,5,2,197,0021600457,MISS James 1' Layup,,8:12,2,4.0,0,0,2544,LeBron James,CLE,Cleveland,1610612739.0,Cavaliers,0,,,,,,0,,,,,,,,,3:22 PM
162,0,4,198,0021600457,,,8:11,2,5.0,0,0,203110,Draymond Green,GSW,Golden State,1610612744.0,Warriors,0,,,,,,0,,,,,,,,Green REBOUND (Off:0 Def:2),3:22 PM
163,1,1,199,0021600457,,,8:04,2,5.0,5,0,202691,Klay Thompson,GSW,Golden State,1610612744.0,Warriors,2561,David West,GSW,Golden State,1610612744.0,Warriors,0,,,,,,40 - 32,-8,Thompson 25' 3PT Jump Shot (13 PTS) (West 4 AST),3:23 PM
164,1,9,200,0021600457,CAVALIERS Timeout: Regular (Full 2 Short 0),,8:04,2,2.0,0,0,1610612739,,,,,,0,,,,,,0,,,,,,,,,3:23 PM
165,82,1,205,0021600457,Irving 4' Driving Bank Shot (7 PTS),,7:51,2,4.0,0,0,202681,Kyrie Irving,CLE,Cleveland,1610612739.0,Cavaliers,0,,,,,,0,,,,,,40 - 34,-6,,3:26 PM
166,3,2,206,0021600457,,,7:26,2,5.0,0,0,2561,David West,GSW,Golden State,1610612744.0,Warriors,0,,,,,,0,,,,,,,,MISS West 2' Hook Shot,3:26 PM
167,0,4,207,0021600457,Jefferson REBOUND (Off:0 Def:1),,7:26,2,4.0,0,0,2210,Richard Jefferson,CLE,Cleveland,1610612739.0,Cavaliers,0,,,,,,0,,,,,,,,,3:26 PM
168,42,2,208,0021600457,MISS Irving 1' Driving Layup,,7:16,2,4.0,0,0,202681,Kyrie Irving,CLE,Cleveland,1610612739.0,Cavaliers,0,,,,,,0,,,,,,,,,3:26 PM
169,0,4,210,0021600457,Irving REBOUND (Off:1 Def:1),,7:15,2,4.0,0,0,202681,Kyrie Irving,CLE,Cleveland,1610612739.0,Cavaliers,0,,,,,,0,,,,,,,,,3:27 PM
170,97,1,209,0021600457,Irving 2' Tip Layup Shot (9 PTS),,7:15,2,4.0,0,0,202681,Kyrie Irving,CLE,Cleveland,1610612739.0,Cavaliers,0,,,,,,0,,,,,,40 - 36,-4,,3:27 PM
171,1,5,211,0021600457,Irving STEAL (2 STL),,6:59,2,5.0,4,0,203110,Draymond Green,GSW,Golden State,1610612744.0,Warriors,202681,Kyrie Irving,CLE,Cleveland,1610612739.0,Cavaliers,0,,,,,,,,Green Bad Pass Turnover (P2.T6),3:27 PM
172,1,5,212,0021600457,Jefferson Bad Pass Turnover (P1.T4),,6:55,2,4.0,5,0,2210,Richard Jefferson,CLE,Cleveland,1610612739.0,Cavaliers,202691,Klay Thompson,GSW,Golden State,1610612744.0,Warriors,0,,,,,,,,Thompson STEAL (1 STL),3:27 PM
173,2,6,213,0021600457,Jefferson S.FOUL (P1.T2) (S.Corbin),,6:51,2,4.0,5,1,2210,Richard Jefferson,CLE,Cleveland,1610612739.0,Cavaliers,2733,Shaun Livingston,GSW,Golden State,1610612744.0,Warriors,0,,,,,,,,,3:27 PM
174,11,3,214,0021600457,,,6:51,2,5.0,0,0,2733,Shaun Livingston,GSW,Golden State,1610612744.0,Warriors,0,,,,,,0,,,,,,41 - 36,-5,Livingston Free Throw 1 of 2 (1 PTS),3:27 PM
175,0,8,216,0021600457,,,6:51,2,5.0,5,0,2561,David West,GSW,Golden State,1610612744.0,Warriors,201142,Kevin Durant,GSW,Golden State,1610612744.0,Warriors,0,,,,,,,,SUB: Durant FOR West,3:27 PM
176,0,8,217,0021600457,,,6:51,2,5.0,5,0,2738,Andre Iguodala,GSW,Golden State,1610612744.0,Warriors,201939,Stephen Curry,GSW,Golden State,1610612744.0,Warriors,0,,,,,,,,SUB: Curry FOR Iguodala,3:28 PM
177,0,8,218,0021600457,SUB: Thompson FOR Frye,,6:51,2,4.0,4,0,101112,Channing Frye,CLE,Cleveland,1610612739.0,Cavaliers,202684,Tristan Thompson,CLE,Cleveland,1610612739.0,Cavaliers,0,,,,,,,,,3:28 PM
178,0,8,220,0021600457,SUB: Liggins FOR James,,6:51,2,4.0,4,0,2544,LeBron James,CLE,Cleveland,1610612739.0,Cavaliers,202732,DeAndre Liggins,CLE,Cleveland,1610612739.0,Cavaliers,0,,,,,,,,,3:28 PM
179,12,3,221,0021600457,,,6:51,2,5.0,0,0,2733,Shaun Livingston,GSW,Golden State,1610612744.0,Warriors,0,,,,,,0,,,,,,42 - 36,-6,Livingston Free Throw 2 of 2 (2 PTS),3:28 PM
180,46,2,223,0021600457,MISS Jefferson 12' Running Jump Shot,,6:30,2,4.0,0,5,2210,Richard Jefferson,CLE,Cleveland,1610612739.0,Cavaliers,0,,,,,,201142,Kevin Durant,GSW,Golden State,1610612744.0,Warriors,,,Durant BLOCK (1 BLK),3:29 PM
181,0,4,224,0021600457,,,6:29,2,5.0,0,0,201142,Kevin Durant,GSW,Golden State,1610612744.0,Warriors,0,,,,,,0,,,,,,,,Durant REBOUND (Off:0 Def:5),3:29 PM
182,5,1,225,0021600457,,,6:16,2,5.0,5,0,203110,Draymond Green,GSW,Golden State,1610612744.0,Warriors,2733,Shaun Livingston,GSW,Golden State,1610612744.0,Warriors,0,,,,,,44 - 36,-8,Green 2' Layup (4 PTS) (Livingston 2 AST),3:29 PM
183,79,2,226,0021600457,MISS Irving 15' Pullup Jump Shot,,5:57,2,4.0,0,0,202681,Kyrie Irving,CLE,Cleveland,1610612739.0,Cavaliers,0,,,,,,0,,,,,,,,,3:29 PM
184,0,4,228,0021600457,Thompson REBOUND (Off:2 Def:0),,5:54,2,4.0,0,0,202684,Tristan Thompson,CLE,Cleveland,1610612739.0,Cavaliers,0,,,,,,0,,,,,,,,,3:29 PM
185,87,1,227,0021600457,Thompson  Putback Dunk (2 PTS),,5:54,2,4.0,0,0,202684,Tristan Thompson,CLE,Cleveland,1610612739.0,Cavaliers,0,,,,,,0,,,,,,44 - 38,-6,,3:29 PM
186,4,6,229,0021600457,,,5:43,2,5.0,4,1,201939,Stephen Curry,GSW,Golden State,1610612744.0,Warriors,202697,Iman Shumpert,CLE,Cleveland,1610612739.0,Cavaliers,0,,,,,,,,Curry OFF.Foul (P2) (S.Corbin),3:30 PM
187,5,5,230,0021600457,,,5:43,2,5.0,0,1,201939,Stephen Curry,GSW,Golden State,1610612744.0,Warriors,0,,,,,,0,,,,,,,,Curry Foul Turnover (P2.T7),3:30 PM
188,79,2,231,0021600457,MISS Irving 17' Pullup Jump Shot,,5:27,2,4.0,0,0,202681,Kyrie Irving,CLE,Cleveland,1610612739.0,Cavaliers,0,,,,,,0,,,,,,,,,3:30 PM
189,0,4,232,0021600457,,,5:25,2,5.0,0,0,201939,Stephen Curry,GSW,Golden State,1610612744.0,Warriors,0,,,,,,0,,,,,,,,Curry REBOUND (Off:0 Def:1),3:30 PM
190,1,5,233,0021600457,Shumpert STEAL (1 STL),,5:15,2,5.0,4,0,2733,Shaun Livingston,GSW,Golden State,1610612744.0,Warriors,202697,Iman Shumpert,CLE,Cleveland,1610612739.0,Cavaliers,0,,,,,,,,Livingston Bad Pass Turnover (P1.T8),3:30 PM
191,1,5,234,0021600457,Shumpert Bad Pass Turnover (P1.T5),,5:10,2,4.0,5,0,202697,Iman Shumpert,CLE,Cleveland,1610612739.0,Cavaliers,201939,Stephen Curry,GSW,Golden State,1610612744.0,Warriors,0,,,,,,,,Curry STEAL (1 STL),3:30 PM
192,50,1,235,0021600457,,,5:06,2,5.0,5,0,201142,Kevin Durant,GSW,Golden State,1610612744.0,Warriors,2733,Shaun Livingston,GSW,Golden State,1610612744.0,Warriors,0,,,,,,46 - 38,-8,Durant  Running Dunk (14 PTS) (Livingston 3 AST),3:30 PM
193,2,9,236,0021600457,CAVALIERS Timeout: Short (Full 2 Short 1),,5:06,2,2.0,0,0,1610612739,,,,,,0,,,,,,0,,,,,,,,,3:31 PM
194,1,2,240,0021600457,MISS Jefferson 18' Jump Shot,,4:49,2,4.0,0,0,2210,Richard Jefferson,CLE,Cleveland,1610612739.0,Cavaliers,0,,,,,,0,,,,,,,,,3:32 PM
195,0,4,241,0021600457,Thompson REBOUND (Off:3 Def:0),,4:48,2,4.0,0,0,202684,Tristan Thompson,CLE,Cleveland,1610612739.0,Cavaliers,0,,,,,,0,,,,,,,,,3:32 PM
196,1,6,242,0021600457,,,4:38,2,5.0,4,1,203110,Draymond Green,GSW,Golden State,1610612744.0,Warriors,202681,Kyrie Irving,CLE,Cleveland,1610612739.0,Cavaliers,0,,,,,,,,Green P.FOUL (P3.T2) (M.Boland),3:32 PM
197,0,8,243,0021600457,,,4:38,2,5.0,5,0,202691,Klay Thompson,GSW,Golden State,1610612744.0,Warriors,203546,Ian Clark,GSW,Golden State,1610612744.0,Warriors,0,,,,,,,,SUB: Clark FOR Thompson,3:32 PM
198,0,8,244,0021600457,SUB: James FOR Jefferson,,4:38,2,4.0,4,0,2210,Richard Jefferson,CLE,Cleveland,1610612739.0,Cavaliers,2544,LeBron James,CLE,Cleveland,1610612739.0,Cavaliers,0,,,,,,,,,3:32 PM
199,1,9,245,0021600457,CAVALIERS Timeout: Regular (Full 3 Short 1),,4:38,2,2.0,0,0,1610612739,,,,,,0,,,,,,0,,,,,,,,,3:33 PM
200,0,8,247,0021600457,SUB: Love FOR Liggins,,4:38,2,4.0,4,0,202732,DeAndre Liggins,CLE,Cleveland,1610612739.0,Cavaliers,201567,Kevin Love,CLE,Cleveland,1610612739.0,Cavaliers,0,,,,,,,,,3:36 PM
201,1,2,249,0021600457,MISS Irving 24' 3PT Jump Shot,,4:23,2,4.0,0,0,202681,Kyrie Irving,CLE,Cleveland,1610612739.0,Cavaliers,0,,,,,,0,,,,,,,,,3:37 PM
202,0,4,250,0021600457,,,4:23,2,5.0,0,0,201142,Kevin Durant,GSW,Golden State,1610612744.0,Warriors,0,,,,,,0,,,,,,,,Durant REBOUND (Off:0 Def:6),3:37 PM
203,1,1,251,0021600457,,,4:15,2,5.0,5,0,201939,Stephen Curry,GSW,Golden State,1610612744.0,Warriors,203546,Ian Clark,GSW,Golden State,1610612744.0,Warriors,0,,,,,,49 - 38,-11,Curry 24' 3PT Jump Shot (5 PTS) (Clark 1 AST),3:37 PM
204,2,6,252,0021600457,,,4:00,2,5.0,4,1,201142,Kevin Durant,GSW,Golden State,1610612744.0,Warriors,201567,Kevin Love,CLE,Cleveland,1610612739.0,Cavaliers,0,,,,,,,,Durant S.FOUL (P1.T3) (S.Corbin),3:37 PM
205,11,3,253,0021600457,Love Free Throw 1 of 2 (8 PTS),,4:00,2,4.0,0,0,201567,Kevin Love,CLE,Cleveland,1610612739.0,Cavaliers,0,,,,,,0,,,,,,49 - 39,-10,,3:37 PM
206,12,3,255,0021600457,Love Free Throw 2 of 2 (9 PTS),,4:00,2,4.0,0,0,201567,Kevin Love,CLE,Cleveland,1610612739.0,Cavaliers,0,,,,,,0,,,,,,49 - 40,-9,,3:38 PM
207,2,6,257,0021600457,Shumpert S.FOUL (P3.T3) (S.Corbin),,3:49,2,4.0,5,1,202697,Iman Shumpert,CLE,Cleveland,1610612739.0,Cavaliers,201939,Stephen Curry,GSW,Golden State,1610612744.0,Warriors,0,,,,,,,,,3:38 PM
208,11,3,258,0021600457,,,3:49,2,5.0,0,0,201939,Stephen Curry,GSW,Golden State,1610612744.0,Warriors,0,,,,,,0,,,,,,50 - 40,-10,Curry Free Throw 1 of 2 (6 PTS),3:38 PM
209,0,8,260,0021600457,SUB: Jefferson FOR Shumpert,,3:49,2,4.0,4,0,202697,Iman Shumpert,CLE,Cleveland,1610612739.0,Cavaliers,2210,Richard Jefferson,CLE,Cleveland,1610612739.0,Cavaliers,0,,,,,,,,,3:38 PM
210,12,3,261,0021600457,,,3:49,2,5.0,0,0,201939,Stephen Curry,GSW,Golden State,1610612744.0,Warriors,0,,,,,,0,,,,,,,,MISS Curry Free Throw 2 of 2,3:39 PM
211,0,4,263,0021600457,James REBOUND (Off:2 Def:3),,3:47,2,4.0,0,0,2544,LeBron James,CLE,Cleveland,1610612739.0,Cavaliers,0,,,,,,0,,,,,,,,,3:39 PM
212,1,1,264,0021600457,Love 25' 3PT Jump Shot (12 PTS) (Irving 4 AST),,3:29,2,4.0,4,0,201567,Kevin Love,CLE,Cleveland,1610612739.0,Cavaliers,202681,Kyrie Irving,CLE,Cleveland,1610612739.0,Cavaliers,0,,,,,,50 - 43,-7,,3:39 PM
213,86,2,265,0021600457,,,3:11,2,5.0,0,0,2733,Shaun Livingston,GSW,Golden State,1610612744.0,Warriors,0,,,,,,0,,,,,,,,MISS Livingston 13' Turnaround Fadeaway Shot,3:39 PM
214,0,4,266,0021600457,James REBOUND (Off:2 Def:4),,3:11,2,4.0,0,0,2544,LeBron James,CLE,Cleveland,1610612739.0,Cavaliers,0,,,,,,0,,,,,,,,,3:39 PM
215,1,2,267,0021600457,MISS Jefferson 25' 3PT Jump Shot,,3:04,2,4.0,0,0,2210,Richard Jefferson,CLE,Cleveland,1610612739.0,Cavaliers,0,,,,,,0,,,,,,,,,3:40 PM
216,0,4,268,0021600457,Thompson REBOUND (Off:4 Def:0),,3:03,2,4.0,0,0,202684,Tristan Thompson,CLE,Cleveland,1610612739.0,Cavaliers,0,,,,,,0,,,,,,,,,3:40 PM
217,72,2,269,0021600457,MISS Thompson 2' Putback Layup,,3:00,2,4.0,0,0,202684,Tristan Thompson,CLE,Cleveland,1610612739.0,Cavaliers,0,,,,,,0,,,,,,,,,3:40 PM
218,0,4,270,0021600457,James REBOUND (Off:3 Def:4),,2:59,2,4.0,0,0,2544,LeBron James,CLE,Cleveland,1610612739.0,Cavaliers,0,,,,,,0,,,,,,,,,3:40 PM
219,72,2,271,0021600457,MISS James 1' Putback Layup,,2:58,2,4.0,0,0,2544,LeBron James,CLE,Cleveland,1610612739.0,Cavaliers,0,,,,,,0,,,,,,,,,3:40 PM
220,0,4,272,0021600457,James REBOUND (Off:4 Def:4),,2:57,2,4.0,0,0,2544,LeBron James,CLE,Cleveland,1610612739.0,Cavaliers,0,,,,,,0,,,,,,,,,3:40 PM
221,2,6,273,0021600457,,,2:55,2,5.0,4,1,2733,Shaun Livingston,GSW,Golden State,1610612744.0,Warriors,2544,LeBron James,CLE,Cleveland,1610612739.0,Cavaliers,0,,,,,,,,Livingston S.FOUL (P1.T4) (M.Callahan),3:40 PM
222,11,3,274,0021600457,James Free Throw 1 of 2 (7 PTS),,2:55,2,4.0,0,0,2544,LeBron James,CLE,Cleveland,1610612739.0,Cavaliers,0,,,,,,0,,,,,,50 - 44,-6,,3:40 PM
223,0,8,276,0021600457,,,2:55,2,5.0,5,0,203546,Ian Clark,GSW,Golden State,1610612744.0,Warriors,2738,Andre Iguodala,GSW,Golden State,1610612744.0,Warriors,0,,,,,,,,SUB: Iguodala FOR Clark,3:40 PM
224,0,8,277,0021600457,,,2:55,2,5.0,5,0,2733,Shaun Livingston,GSW,Golden State,1610612744.0,Warriors,202691,Klay Thompson,GSW,Golden State,1610612744.0,Warriors,0,,,,,,,,SUB: Thompson FOR Livingston,3:40 PM
225,12,3,278,0021600457,MISS James Free Throw 2 of 2,,2:55,2,4.0,0,0,2544,LeBron James,CLE,Cleveland,1610612739.0,Cavaliers,0,,,,,,0,,,,,,,,,3:41 PM
226,0,4,280,0021600457,,,2:54,2,5.0,0,0,201142,Kevin Durant,GSW,Golden State,1610612744.0,Warriors,0,,,,,,0,,,,,,,,Durant REBOUND (Off:0 Def:7),3:41 PM
227,47,2,281,0021600457,,,2:47,2,5.0,0,0,201939,Stephen Curry,GSW,Golden State,1610612744.0,Warriors,0,,,,,,0,,,,,,,,MISS Curry 10' Turnaround Jump Shot,3:41 PM
228,0,4,282,0021600457,,,2:47,2,3.0,0,0,1610612744,,,,,,0,,,,,,0,,,,,,,,Warriors Rebound,3:41 PM
229,1,6,283,0021600457,Love P.FOUL (P2.T4) (M.Callahan),,2:47,2,4.0,5,1,201567,Kevin Love,CLE,Cleveland,1610612739.0,Cavaliers,203110,Draymond Green,GSW,Golden State,1610612744.0,Warriors,0,,,,,,,,,3:41 PM
230,46,2,284,0021600457,,,2:38,2,5.0,0,0,201142,Kevin Durant,GSW,Golden State,1610612744.0,Warriors,0,,,,,,0,,,,,,,,MISS Durant 7' Running Jump Shot,3:41 PM
231,0,4,285,0021600457,James REBOUND (Off:4 Def:5),,2:36,2,4.0,0,0,2544,LeBron James,CLE,Cleveland,1610612739.0,Cavaliers,0,,,,,,0,,,,,,,,,3:41 PM
232,2,6,288,0021600457,,,2:17,2,5.0,4,1,2738,Andre Iguodala,GSW,Golden State,1610612744.0,Warriors,201567,Kevin Love,CLE,Cleveland,1610612739.0,Cavaliers,0,,,,,,,,Iguodala S.FOUL (P2.PN) (M.Callahan),3:42 PM
233,11,3,289,0021600457,Love Free Throw 1 of 2 (13 PTS),,2:17,2,4.0,0,0,201567,Kevin Love,CLE,Cleveland,1610612739.0,Cavaliers,0,,,,,,0,,,,,,50 - 45,-5,,3:42 PM
234,0,8,291,0021600457,,,2:17,2,5.0,5,0,203110,Draymond Green,GSW,Golden State,1610612744.0,Warriors,2585,Zaza Pachulia,GSW,Golden State,1610612744.0,Warriors,0,,,,,,,,SUB: Pachulia FOR Green,3:43 PM
235,12,3,292,0021600457,Love Free Throw 2 of 2 (14 PTS),,2:17,2,4.0,0,0,201567,Kevin Love,CLE,Cleveland,1610612739.0,Cavaliers,0,,,,,,0,,,,,,50 - 46,-4,,3:43 PM
236,1,2,294,0021600457,,,1:55,2,5.0,0,0,2738,Andre Iguodala,GSW,Golden State,1610612744.0,Warriors,0,,,,,,0,,,,,,,,MISS Iguodala  3PT Jump Shot,3:43 PM
237,0,4,295,0021600457,James REBOUND (Off:4 Def:6),,1:55,2,4.0,0,0,2544,LeBron James,CLE,Cleveland,1610612739.0,Cavaliers,0,,,,,,0,,,,,,,,,3:43 PM
238,1,2,296,0021600457,MISS Jefferson  3PT Jump Shot,,1:43,2,4.0,0,0,2210,Richard Jefferson,CLE,Cleveland,1610612739.0,Cavaliers,0,,,,,,0,,,,,,,,,3:44 PM
239,0,4,297,0021600457,Thompson REBOUND (Off:5 Def:0),,1:42,2,4.0,0,0,202684,Tristan Thompson,CLE,Cleveland,1610612739.0,Cavaliers,0,,,,,,0,,,,,,,,,3:44 PM
240,1,6,298,0021600457,,,1:42,2,5.0,4,1,2738,Andre Iguodala,GSW,Golden State,1610612744.0,Warriors,202684,Tristan Thompson,CLE,Cleveland,1610612739.0,Cavaliers,0,,,,,,,,Iguodala P.FOUL (P3.PN) (S.Corbin),3:44 PM
241,11,3,299,0021600457,Thompson Free Throw 1 of 2 (3 PTS),,1:42,2,4.0,0,0,202684,Tristan Thompson,CLE,Cleveland,1610612739.0,Cavaliers,0,,,,,,0,,,,,,50 - 47,-3,,3:44 PM
242,12,3,301,0021600457,Thompson Free Throw 2 of 2 (4 PTS),,1:42,2,4.0,0,0,202684,Tristan Thompson,CLE,Cleveland,1610612739.0,Cavaliers,0,,,,,,0,,,,,,50 - 48,-2,,3:44 PM
243,1,2,303,0021600457,,,1:22,2,5.0,0,0,2738,Andre Iguodala,GSW,Golden State,1610612744.0,Warriors,0,,,,,,0,,,,,,,,MISS Iguodala 24' 3PT Jump Shot,3:45 PM
244,0,4,304,0021600457,Thompson REBOUND (Off:5 Def:1),,1:22,2,4.0,0,0,202684,Tristan Thompson,CLE,Cleveland,1610612739.0,Cavaliers,0,,,,,,0,,,,,,,,,3:45 PM
245,5,1,305,0021600457,James  Layup (9 PTS) (Irving 5 AST),,1:09,2,4.0,4,0,2544,LeBron James,CLE,Cleveland,1610612739.0,Cavaliers,202681,Kyrie Irving,CLE,Cleveland,1610612739.0,Cavaliers,0,,,,,,50 - 50,TIE,,3:45 PM
246,66,2,306,0021600457,,,0:46,2,5.0,0,0,2738,Andre Iguodala,GSW,Golden State,1610612744.0,Warriors,0,,,,,,0,,,,,,,,MISS Iguodala 8' Jump Bank Shot,3:45 PM
247,0,4,308,0021600457,,,0:44,2,5.0,0,0,2585,Zaza Pachulia,GSW,Golden State,1610612744.0,Warriors,0,,,,,,0,,,,,,,,Pachulia REBOUND (Off:1 Def:3),3:46 PM
248,97,1,307,0021600457,,,0:44,2,5.0,0,0,2585,Zaza Pachulia,GSW,Golden State,1610612744.0,Warriors,0,,,,,,0,,,,,,52 - 50,-2,Pachulia  Tip Layup Shot (4 PTS),3:46 PM
249,79,2,309,0021600457,MISS Irving 8' Pullup Jump Shot,,0:35,2,4.0,0,0,202681,Kyrie Irving,CLE,Cleveland,1610612739.0,Cavaliers,0,,,,,,0,,,,,,,,,3:46 PM
250,0,4,310,0021600457,,,0:33,2,5.0,0,0,201142,Kevin Durant,GSW,Golden State,1610612744.0,Warriors,0,,,,,,0,,,,,,,,Durant REBOUND (Off:0 Def:8),3:46 PM
251,1,1,311,0021600457,,,0:29,2,5.0,0,0,201142,Kevin Durant,GSW,Golden State,1610612744.0,Warriors,0,,,,,,0,,,,,,55 - 50,-5,Durant 25' 3PT Jump Shot (17 PTS),3:46 PM
252,42,1,313,0021600457,James  Driving Layup (11 PTS),,0:08,2,4.0,0,0,2544,LeBron James,CLE,Cleveland,1610612739.0,Cavaliers,0,,,,,,0,,,,,,55 - 52,-3,,3:46 PM
253,5,2,314,0021600457,James BLOCK (1 BLK),,0:01,2,5.0,0,4,2585,Zaza Pachulia,GSW,Golden State,1610612744.0,Warriors,0,,,,,,2544,LeBron James,CLE,Cleveland,1610612739.0,Cavaliers,,,MISS Pachulia 2' Layup,3:46 PM
254,0,4,315,0021600457,,,0:01,2,3.0,0,0,1610612744,,,,,,0,,,,,,0,,,,,,,,Warriors Rebound,3:46 PM
255,0,8,317,0021600457,SUB: Frye FOR Love,,0:01,2,4.0,4,0,201567,Kevin Love,CLE,Cleveland,1610612739.0,Cavaliers,101112,Channing Frye,CLE,Cleveland,1610612739.0,Cavaliers,0,,,,,,,,,3:47 PM
256,1,2,318,0021600457,,,0:00,2,5.0,0,0,201939,Stephen Curry,GSW,Golden State,1610612744.0,Warriors,0,,,,,,0,,,,,,,,MISS Curry 26' 3PT Jump Shot,3:47 PM
257,0,4,319,0021600457,,,0:00,2,3.0,0,0,1610612744,,,,,,0,,,,,,0,,,,,,,,Warriors Rebound,3:47 PM
258,0,13,320,0021600457,,,0:00,2,0.0,0,0,0,,,,,,0,,,,,,0,,,,,,55 - 52,-3,,3:47 PM
259,0,12,322,0021600457,,,12:00,3,0.0,0,0,0,,,,,,0,,,,,,0,,,,,,55 - 52,-3,,4:04 PM
260,1,1,323,0021600457,Love 24' 3PT Jump Shot (17 PTS) (James 3 AST),,11:50,3,4.0,4,0,201567,Kevin Love,CLE,Cleveland,1610612739.0,Cavaliers,2544,LeBron James,CLE,Cleveland,1610612739.0,Cavaliers,0,,,,,,55 - 55,TIE,,4:05 PM
261,1,1,324,0021600457,,,11:33,3,5.0,5,0,201142,Kevin Durant,GSW,Golden State,1610612744.0,Warriors,203110,Draymond Green,GSW,Golden State,1610612744.0,Warriors,0,,,,,,58 - 55,-3,Durant 27' 3PT Jump Shot (20 PTS) (Green 1 AST),4:05 PM
262,66,2,325,0021600457,MISS Love 5' Jump Bank Shot,,11:10,3,4.0,0,0,201567,Kevin Love,CLE,Cleveland,1610612739.0,Cavaliers,0,,,,,,0,,,,,,,,,4:05 PM
263,0,4,326,0021600457,,,11:10,3,5.0,0,0,2585,Zaza Pachulia,GSW,Golden State,1610612744.0,Warriors,0,,,,,,0,,,,,,,,Pachulia REBOUND (Off:1 Def:4),4:05 PM
264,1,2,327,0021600457,,,11:04,3,5.0,0,0,201142,Kevin Durant,GSW,Golden State,1610612744.0,Warriors,0,,,,,,0,,,,,,,,MISS Durant 26' 3PT Jump Shot,4:05 PM
265,0,4,328,0021600457,James REBOUND (Off:4 Def:7),,11:02,3,4.0,0,0,2544,LeBron James,CLE,Cleveland,1610612739.0,Cavaliers,0,,,,,,0,,,,,,,,,4:05 PM
266,2,6,329,0021600457,,,11:00,3,5.0,4,1,2585,Zaza Pachulia,GSW,Golden State,1610612744.0,Warriors,201567,Kevin Love,CLE,Cleveland,1610612739.0,Cavaliers,0,,,,,,,,Pachulia S.FOUL (P2.T1) (S.Corbin),4:06 PM
267,0,18,330,0021600457,,,11:00,3,,0,1,329,,,,,,0,,,,,,0,,,,,,,,,4:06 PM
268,11,3,331,0021600457,MISS Love Free Throw 1 of 2,,11:00,3,4.0,0,0,201567,Kevin Love,CLE,Cleveland,1610612739.0,Cavaliers,0,,,,,,0,,,,,,,,,4:06 PM
269,1,4,332,0021600457,CAVALIERS Rebound,,11:00,3,2.0,0,0,1610612739,,,,,,0,,,,,,0,,,,,,,,,4:06 PM
270,12,3,333,0021600457,Love Free Throw 2 of 2 (18 PTS),,11:00,3,4.0,0,0,201567,Kevin Love,CLE,Cleveland,1610612739.0,Cavaliers,0,,,,,,0,,,,,,58 - 56,-2,,4:07 PM
271,1,2,335,0021600457,,,10:41,3,5.0,0,0,202691,Klay Thompson,GSW,Golden State,1610612744.0,Warriors,0,,,,,,0,,,,,,,,MISS Thompson 28' 3PT Jump Shot,4:07 PM
272,0,4,336,0021600457,,,10:40,3,3.0,0,0,1610612744,,,,,,0,,,,,,0,,,,,,,,Warriors Rebound,4:08 PM
273,2,5,338,0021600457,Liggins STEAL (2 STL),,10:33,3,5.0,4,0,2585,Zaza Pachulia,GSW,Golden State,1610612744.0,Warriors,202732,DeAndre Liggins,CLE,Cleveland,1610612739.0,Cavaliers,0,,,,,,,,Pachulia Lost Ball Turnover (P2.T9),4:08 PM
274,45,5,339,0021600457,James Out of Bounds - Bad Pass Turnover Turnover (P3.T6),,10:26,3,4.0,0,0,2544,LeBron James,CLE,Cleveland,1610612739.0,Cavaliers,0,,,,,,0,,,,,,,,,4:08 PM
275,1,6,341,0021600457,James P.FOUL (P2.T1) (M.Callahan),,10:13,3,4.0,5,1,2544,LeBron James,CLE,Cleveland,1610612739.0,Cavaliers,201939,Stephen Curry,GSW,Golden State,1610612744.0,Warriors,0,,,,,,,,,4:09 PM
276,2,6,342,0021600457,Love S.FOUL (P3.T2) (S.Corbin),,10:10,3,4.0,5,1,201567,Kevin Love,CLE,Cleveland,1610612739.0,Cavaliers,201142,Kevin Durant,GSW,Golden State,1610612744.0,Warriors,0,,,,,,,,,4:09 PM
277,11,3,343,0021600457,,,10:10,3,5.0,0,0,201142,Kevin Durant,GSW,Golden State,1610612744.0,Warriors,0,,,,,,0,,,,,,59 - 56,-3,Durant Free Throw 1 of 2 (21 PTS),4:09 PM
278,12,3,345,0021600457,,,10:10,3,5.0,0,0,201142,Kevin Durant,GSW,Golden State,1610612744.0,Warriors,0,,,,,,0,,,,,,60 - 56,-4,Durant Free Throw 2 of 2 (22 PTS),4:10 PM
279,42,2,347,0021600457,MISS James 1' Driving Layup,,9:59,3,4.0,0,0,2544,LeBron James,CLE,Cleveland,1610612739.0,Cavaliers,0,,,,,,0,,,,,,,,,4:10 PM
280,0,4,349,0021600457,Thompson REBOUND (Off:6 Def:1),,9:58,3,4.0,0,0,202684,Tristan Thompson,CLE,Cleveland,1610612739.0,Cavaliers,0,,,,,,0,,,,,,,,,4:10 PM
281,97,2,348,0021600457,MISS Thompson 1' Tip Layup Shot,,9:58,3,4.0,0,0,202684,Tristan Thompson,CLE,Cleveland,1610612739.0,Cavaliers,0,,,,,,0,,,,,,,,,4:10 PM
282,0,4,350,0021600457,CAVALIERS Rebound,,9:58,3,2.0,0,0,1610612739,,,,,,0,,,,,,0,,,,,,,,,4:10 PM
283,1,5,351,0021600457,James Bad Pass Turnover (P4.T7),,9:48,3,4.0,5,0,2544,LeBron James,CLE,Cleveland,1610612739.0,Cavaliers,201939,Stephen Curry,GSW,Golden State,1610612744.0,Warriors,0,,,,,,,,Curry STEAL (2 STL),4:10 PM
284,1,1,352,0021600457,,,9:36,3,5.0,5,0,201939,Stephen Curry,GSW,Golden State,1610612744.0,Warriors,201142,Kevin Durant,GSW,Golden State,1610612744.0,Warriors,0,,,,,,62 - 56,-6,Curry 5' Jump Shot (8 PTS) (Durant 2 AST),4:11 PM
285,1,1,353,0021600457,James 26' 3PT Jump Shot (14 PTS) (Irving 6 AST),,9:11,3,4.0,4,0,2544,LeBron James,CLE,Cleveland,1610612739.0,Cavaliers,202681,Kyrie Irving,CLE,Cleveland,1610612739.0,Cavaliers,0,,,,,,62 - 59,-3,,4:11 PM
286,79,1,354,0021600457,,,8:55,3,5.0,5,0,201142,Kevin Durant,GSW,Golden State,1610612744.0,Warriors,203110,Draymond Green,GSW,Golden State,1610612744.0,Warriors,0,,,,,,64 - 59,-5,Durant 7' Pullup Jump Shot (24 PTS) (Green 2 AST),4:11 PM
287,2,6,355,0021600457,,,8:48,3,5.0,4,1,2585,Zaza Pachulia,GSW,Golden State,1610612744.0,Warriors,202684,Tristan Thompson,CLE,Cleveland,1610612739.0,Cavaliers,0,,,,,,,,Pachulia S.FOUL (P3.T2) (S.Corbin),4:12 PM
288,11,3,356,0021600457,MISS Thompson Free Throw 1 of 2,,8:48,3,4.0,0,0,202684,Tristan Thompson,CLE,Cleveland,1610612739.0,Cavaliers,0,,,,,,0,,,,,,,,,4:12 PM
289,1,4,357,0021600457,CAVALIERS Rebound,,8:48,3,2.0,0,0,1610612739,,,,,,0,,,,,,0,,,,,,,,,4:12 PM
290,0,8,358,0021600457,,,8:48,3,5.0,5,0,2585,Zaza Pachulia,GSW,Golden State,1610612744.0,Warriors,201580,JaVale McGee,GSW,Golden State,1610612744.0,Warriors,0,,,,,,,,SUB: McGee FOR Pachulia,4:12 PM
291,12,3,359,0021600457,Thompson Free Throw 2 of 2 (5 PTS),,8:48,3,4.0,0,0,202684,Tristan Thompson,CLE,Cleveland,1610612739.0,Cavaliers,0,,,,,,0,,,,,,64 - 60,-4,,4:12 PM
292,1,2,361,0021600457,,,8:43,3,5.0,0,0,201939,Stephen Curry,GSW,Golden State,1610612744.0,Warriors,0,,,,,,0,,,,,,,,MISS Curry 25' 3PT Jump Shot,4:13 PM
293,0,4,386,0021600457,,,8:41,3,5.0,0,0,201580,JaVale McGee,GSW,Golden State,1610612744.0,Warriors,0,,,,,,0,,,,,,,,McGee REBOUND (Off:2 Def:1),4:13 PM
294,1,5,362,0021600457,Thompson STEAL (1 STL),,8:41,3,5.0,4,0,201580,JaVale McGee,GSW,Golden State,1610612744.0,Warriors,202684,Tristan Thompson,CLE,Cleveland,1610612739.0,Cavaliers,0,,,,,,,,McGee Bad Pass Turnover (P1.T10),4:13 PM
295,1,2,363,0021600457,MISS Irving 11' Jump Shot,,8:28,3,4.0,0,0,202681,Kyrie Irving,CLE,Cleveland,1610612739.0,Cavaliers,0,,,,,,0,,,,,,,,,4:13 PM
296,0,4,364,0021600457,,,8:28,3,5.0,0,0,202691,Klay Thompson,GSW,Golden State,1610612744.0,Warriors,0,,,,,,0,,,,,,,,Thompson REBOUND (Off:0 Def:2),4:13 PM
297,2,6,365,0021600457,Love S.FOUL (P4.T3) (S.Corbin),,8:21,3,4.0,5,1,201567,Kevin Love,CLE,Cleveland,1610612739.0,Cavaliers,201580,JaVale McGee,GSW,Golden State,1610612744.0,Warriors,0,,,,,,,,,4:13 PM
298,11,3,366,0021600457,,,8:21,3,5.0,0,0,201580,JaVale McGee,GSW,Golden State,1610612744.0,Warriors,0,,,,,,0,,,,,,,,MISS McGee Free Throw 1 of 2,4:13 PM
299,1,4,367,0021600457,,,8:21,3,3.0,0,0,1610612744,,,,,,0,,,,,,0,,,,,,,,Warriors Rebound,4:13 PM
300,0,8,368,0021600457,SUB: Frye FOR Love,,8:21,3,4.0,4,0,201567,Kevin Love,CLE,Cleveland,1610612739.0,Cavaliers,101112,Channing Frye,CLE,Cleveland,1610612739.0,Cavaliers,0,,,,,,,,,4:14 PM
301,12,3,369,0021600457,,,8:21,3,5.0,0,0,201580,JaVale McGee,GSW,Golden State,1610612744.0,Warriors,0,,,,,,0,,,,,,,,MISS McGee Free Throw 2 of 2,4:14 PM
302,0,4,371,0021600457,James REBOUND (Off:4 Def:8),,8:20,3,4.0,0,0,2544,LeBron James,CLE,Cleveland,1610612739.0,Cavaliers,0,,,,,,0,,,,,,,,,4:14 PM
303,1,1,372,0021600457,James 25' 3PT Jump Shot (17 PTS),,8:10,3,4.0,0,0,2544,LeBron James,CLE,Cleveland,1610612739.0,Cavaliers,0,,,,,,0,,,,,,64 - 63,-1,,4:14 PM
304,43,2,373,0021600457,,,7:52,3,5.0,0,0,201580,JaVale McGee,GSW,Golden State,1610612744.0,Warriors,0,,,,,,0,,,,,,,,MISS McGee  Alley Oop Layup,4:14 PM
305,0,4,374,0021600457,Frye REBOUND (Off:0 Def:2),,7:49,3,4.0,0,0,101112,Channing Frye,CLE,Cleveland,1610612739.0,Cavaliers,0,,,,,,0,,,,,,,,,4:14 PM
306,1,2,375,0021600457,MISS James 25' 3PT Jump Shot,,7:44,3,4.0,0,0,2544,LeBron James,CLE,Cleveland,1610612739.0,Cavaliers,0,,,,,,0,,,,,,,,,4:14 PM
307,0,4,376,0021600457,,,7:43,3,5.0,0,0,201142,Kevin Durant,GSW,Golden State,1610612744.0,Warriors,0,,,,,,0,,,,,,,,Durant REBOUND (Off:0 Def:9),4:14 PM
308,1,1,377,0021600457,,,7:34,3,5.0,5,0,202691,Klay Thompson,GSW,Golden State,1610612744.0,Warriors,201939,Stephen Curry,GSW,Golden State,1610612744.0,Warriors,0,,,,,,67 - 63,-4,Thompson  3PT Jump Shot (16 PTS) (Curry 1 AST),4:15 PM
309,1,1,378,0021600457,James 25' 3PT Jump Shot (20 PTS),,7:08,3,4.0,0,0,2544,LeBron James,CLE,Cleveland,1610612739.0,Cavaliers,0,,,,,,0,,,,,,67 - 66,-1,,4:15 PM
310,79,2,379,0021600457,,,6:54,3,5.0,0,0,201939,Stephen Curry,GSW,Golden State,1610612744.0,Warriors,0,,,,,,0,,,,,,,,MISS Curry 16' Pullup Jump Shot,4:15 PM
311,0,4,380,0021600457,Irving REBOUND (Off:1 Def:2),,6:52,3,4.0,0,0,202681,Kyrie Irving,CLE,Cleveland,1610612739.0,Cavaliers,0,,,,,,0,,,,,,,,,4:15 PM
312,1,2,381,0021600457,MISS Frye 25' 3PT Jump Shot,,6:39,3,4.0,0,0,101112,Channing Frye,CLE,Cleveland,1610612739.0,Cavaliers,0,,,,,,0,,,,,,,,,4:15 PM
313,0,4,382,0021600457,,,6:39,3,5.0,0,0,203110,Draymond Green,GSW,Golden State,1610612744.0,Warriors,0,,,,,,0,,,,,,,,Green REBOUND (Off:0 Def:3),4:15 PM
314,71,1,383,0021600457,,,6:29,3,5.0,0,0,203110,Draymond Green,GSW,Golden State,1610612744.0,Warriors,0,,,,,,0,,,,,,69 - 66,-3,Green 1' Finger Roll Layup (6 PTS),4:16 PM
315,1,9,384,0021600457,CAVALIERS Timeout: Regular (Full 4 Short 1),,6:28,3,2.0,0,0,1610612739,,,,,,0,,,,,,0,,,,,,,,,4:16 PM
316,29,6,389,0021600457,,,6:19,3,5.0,4,1,201580,JaVale McGee,GSW,Golden State,1610612744.0,Warriors,2544,LeBron James,CLE,Cleveland,1610612739.0,Cavaliers,0,,,,,,,,McGee Shooting Block Foul (P1.T3) (S.Corbin),4:19 PM
317,11,3,390,0021600457,MISS James Free Throw 1 of 2,,6:19,3,4.0,0,0,2544,LeBron James,CLE,Cleveland,1610612739.0,Cavaliers,0,,,,,,0,,,,,,,,,4:19 PM
318,1,4,391,0021600457,CAVALIERS Rebound,,6:19,3,2.0,0,0,1610612739,,,,,,0,,,,,,0,,,,,,,,,4:19 PM
319,12,3,392,0021600457,James Free Throw 2 of 2 (21 PTS),,6:19,3,4.0,0,0,2544,LeBron James,CLE,Cleveland,1610612739.0,Cavaliers,0,,,,,,0,,,,,,69 - 67,-2,,4:19 PM
320,1,2,394,0021600457,,,6:07,3,5.0,0,0,201142,Kevin Durant,GSW,Golden State,1610612744.0,Warriors,0,,,,,,0,,,,,,,,MISS Durant 26' 3PT Jump Shot,4:20 PM
321,0,4,395,0021600457,Thompson REBOUND (Off:6 Def:2),,6:03,3,4.0,0,0,202684,Tristan Thompson,CLE,Cleveland,1610612739.0,Cavaliers,0,,,,,,0,,,,,,,,,4:20 PM
322,2,6,396,0021600457,,,5:57,3,5.0,4,1,201580,JaVale McGee,GSW,Golden State,1610612744.0,Warriors,202684,Tristan Thompson,CLE,Cleveland,1610612739.0,Cavaliers,0,,,,,,,,McGee S.FOUL (P2.T4) (M.Boland),4:20 PM
323,11,3,397,0021600457,MISS Thompson Free Throw 1 of 2,,5:57,3,4.0,0,0,202684,Tristan Thompson,CLE,Cleveland,1610612739.0,Cavaliers,0,,,,,,0,,,,,,,,,4:20 PM
324,1,4,398,0021600457,CAVALIERS Rebound,,5:57,3,2.0,0,0,1610612739,,,,,,0,,,,,,0,,,,,,,,,4:20 PM
325,12,3,399,0021600457,Thompson Free Throw 2 of 2 (6 PTS),,5:57,3,4.0,0,0,202684,Tristan Thompson,CLE,Cleveland,1610612739.0,Cavaliers,0,,,,,,0,,,,,,69 - 68,-1,,4:20 PM
326,52,2,401,0021600457,,,5:37,3,5.0,0,0,201580,JaVale McGee,GSW,Golden State,1610612744.0,Warriors,0,,,,,,0,,,,,,,,MISS McGee  Alley Oop Dunk,4:21 PM
327,0,4,402,0021600457,CAVALIERS Rebound,,5:37,3,2.0,0,0,1610612739,,,,,,0,,,,,,0,,,,,,,,,4:21 PM
328,1,2,403,0021600457,MISS Frye 26' 3PT Jump Shot,,5:18,3,4.0,0,0,101112,Channing Frye,CLE,Cleveland,1610612739.0,Cavaliers,0,,,,,,0,,,,,,,,,4:22 PM
329,0,4,404,0021600457,,,5:17,3,5.0,0,0,201939,Stephen Curry,GSW,Golden State,1610612744.0,Warriors,0,,,,,,0,,,,,,,,Curry REBOUND (Off:0 Def:2),4:22 PM
330,1,1,405,0021600457,,,5:10,3,5.0,5,0,202691,Klay Thompson,GSW,Golden State,1610612744.0,Warriors,201939,Stephen Curry,GSW,Golden State,1610612744.0,Warriors,0,,,,,,72 - 68,-4,Thompson 24' 3PT Jump Shot (19 PTS) (Curry 2 AST),4:22 PM
331,108,1,406,0021600457,Thompson  Cutting Dunk Shot (8 PTS) (Irving 7 AST),,4:58,3,4.0,4,0,202684,Tristan Thompson,CLE,Cleveland,1610612739.0,Cavaliers,202681,Kyrie Irving,CLE,Cleveland,1610612739.0,Cavaliers,0,,,,,,72 - 70,-2,,4:22 PM
332,1,9,407,0021600457,,,4:58,3,3.0,0,0,1610612744,,,,,,0,,,,,,0,,,,,,,,Warriors Timeout: Regular (Reg.3 Short 1),4:22 PM
333,0,8,409,0021600457,,,4:58,3,5.0,5,0,201142,Kevin Durant,GSW,Golden State,1610612744.0,Warriors,2738,Andre Iguodala,GSW,Golden State,1610612744.0,Warriors,0,,,,,,,,SUB: Iguodala FOR Durant,4:25 PM
334,0,8,410,0021600457,,,4:58,3,5.0,5,0,201580,JaVale McGee,GSW,Golden State,1610612744.0,Warriors,2585,Zaza Pachulia,GSW,Golden State,1610612744.0,Warriors,0,,,,,,,,SUB: Pachulia FOR McGee,4:25 PM
335,1,1,412,0021600457,,,4:46,3,5.0,5,0,202691,Klay Thompson,GSW,Golden State,1610612744.0,Warriors,2738,Andre Iguodala,GSW,Golden State,1610612744.0,Warriors,0,,,,,,75 - 70,-5,Thompson 24' 3PT Jump Shot (22 PTS) (Iguodala 3 AST),4:25 PM
336,1,5,413,0021600457,Frye Bad Pass Turnover (P2.T8),,4:29,3,4.0,5,0,101112,Channing Frye,CLE,Cleveland,1610612739.0,Cavaliers,201939,Stephen Curry,GSW,Golden State,1610612744.0,Warriors,0,,,,,,,,Curry STEAL (3 STL),4:25 PM
337,1,5,414,0021600457,Irving STEAL (3 STL),,4:23,3,5.0,4,0,201939,Stephen Curry,GSW,Golden State,1610612744.0,Warriors,202681,Kyrie Irving,CLE,Cleveland,1610612739.0,Cavaliers,0,,,,,,,,Curry Bad Pass Turnover (P3.T11),4:26 PM
338,42,1,415,0021600457,Irving 1' Driving Layup (11 PTS),,4:04,3,4.0,0,0,202681,Kyrie Irving,CLE,Cleveland,1610612739.0,Cavaliers,0,,,,,,0,,,,,,75 - 72,-3,,4:26 PM
339,42,2,416,0021600457,,,3:46,3,5.0,0,0,202691,Klay Thompson,GSW,Golden State,1610612744.0,Warriors,0,,,,,,0,,,,,,,,MISS Thompson 1' Driving Layup,4:26 PM
340,0,4,417,0021600457,CAVALIERS Rebound,,3:46,3,2.0,0,0,1610612739,,,,,,0,,,,,,0,,,,,,,,,4:26 PM
341,80,2,418,0021600457,MISS Irving 14' Step Back Jump Shot,,3:36,3,4.0,0,0,202681,Kyrie Irving,CLE,Cleveland,1610612739.0,Cavaliers,0,,,,,,0,,,,,,,,,4:26 PM
342,0,4,419,0021600457,,,3:35,3,5.0,0,0,2738,Andre Iguodala,GSW,Golden State,1610612744.0,Warriors,0,,,,,,0,,,,,,,,Iguodala REBOUND (Off:1 Def:1),4:26 PM
343,2,6,420,0021600457,Frye S.FOUL (P2.T4) (M.Callahan),,3:30,3,4.0,5,1,101112,Channing Frye,CLE,Cleveland,1610612739.0,Cavaliers,201939,Stephen Curry,GSW,Golden State,1610612744.0,Warriors,0,,,,,,,,,4:27 PM
344,11,3,421,0021600457,,,3:30,3,5.0,0,0,201939,Stephen Curry,GSW,Golden State,1610612744.0,Warriors,0,,,,,,0,,,,,,76 - 72,-4,Curry Free Throw 1 of 2 (9 PTS),4:27 PM
345,0,8,423,0021600457,SUB: Shumpert FOR Liggins,,3:30,3,4.0,4,0,202732,DeAndre Liggins,CLE,Cleveland,1610612739.0,Cavaliers,202697,Iman Shumpert,CLE,Cleveland,1610612739.0,Cavaliers,0,,,,,,,,,4:27 PM
346,0,8,424,0021600457,,,3:30,3,5.0,5,0,202691,Klay Thompson,GSW,Golden State,1610612744.0,Warriors,203546,Ian Clark,GSW,Golden State,1610612744.0,Warriors,0,,,,,,,,SUB: Clark FOR Thompson,4:27 PM
347,12,3,425,0021600457,,,3:30,3,5.0,0,0,201939,Stephen Curry,GSW,Golden State,1610612744.0,Warriors,0,,,,,,0,,,,,,77 - 72,-5,Curry Free Throw 2 of 2 (10 PTS),4:27 PM
348,1,1,427,0021600457,James 24' 3PT Jump Shot (24 PTS) (Irving 8 AST),,3:10,3,4.0,4,0,2544,LeBron James,CLE,Cleveland,1610612739.0,Cavaliers,202681,Kyrie Irving,CLE,Cleveland,1610612739.0,Cavaliers,0,,,,,,77 - 75,-2,,4:28 PM
349,49,1,428,0021600457,,,2:59,3,5.0,5,0,203110,Draymond Green,GSW,Golden State,1610612744.0,Warriors,201939,Stephen Curry,GSW,Golden State,1610612744.0,Warriors,0,,,,,,79 - 75,-4,Green  Driving Dunk (8 PTS) (Curry 3 AST),4:28 PM
350,1,5,429,0021600457,Frye Bad Pass Turnover (P3.T9),,2:32,3,4.0,5,0,101112,Channing Frye,CLE,Cleveland,1610612739.0,Cavaliers,203110,Draymond Green,GSW,Golden State,1610612744.0,Warriors,0,,,,,,,,Green STEAL (1 STL),4:29 PM
351,1,5,430,0021600457,Irving STEAL (4 STL),,2:18,3,5.0,4,0,203110,Draymond Green,GSW,Golden State,1610612744.0,Warriors,202681,Kyrie Irving,CLE,Cleveland,1610612739.0,Cavaliers,0,,,,,,,,Green Bad Pass Turnover (P3.T12),4:29 PM
352,41,2,431,0021600457,MISS Irving 1' Running Layup,,2:15,3,4.0,0,0,202681,Kyrie Irving,CLE,Cleveland,1610612739.0,Cavaliers,0,,,,,,0,,,,,,,,,4:29 PM
353,0,4,432,0021600457,Irving REBOUND (Off:2 Def:2),,2:14,3,4.0,0,0,202681,Kyrie Irving,CLE,Cleveland,1610612739.0,Cavaliers,0,,,,,,0,,,,,,,,,4:29 PM
354,72,2,438,0021600457,MISS James 2' Putback Layup,,2:13,3,4.0,0,5,2544,LeBron James,CLE,Cleveland,1610612739.0,Cavaliers,0,,,,,,2738,Andre Iguodala,GSW,Golden State,1610612744.0,Warriors,,,Iguodala BLOCK (1 BLK),4:29 PM
355,0,4,441,0021600457,James REBOUND (Off:5 Def:8),,2:13,3,4.0,0,0,2544,LeBron James,CLE,Cleveland,1610612739.0,Cavaliers,0,,,,,,0,,,,,,,,,4:29 PM
356,40,1,433,0021600457,James 2' Layup (26 PTS),,2:11,3,4.0,0,0,2544,LeBron James,CLE,Cleveland,1610612739.0,Cavaliers,0,,,,,,0,,,,,,79 - 77,-2,,4:29 PM
357,4,6,434,0021600457,,,2:02,3,5.0,4,1,2585,Zaza Pachulia,GSW,Golden State,1610612744.0,Warriors,2544,LeBron James,CLE,Cleveland,1610612739.0,Cavaliers,0,,,,,,,,Pachulia OFF.Foul (P4) (S.Corbin),4:29 PM
358,5,5,435,0021600457,,,2:02,3,5.0,0,1,2585,Zaza Pachulia,GSW,Golden State,1610612744.0,Warriors,0,,,,,,0,,,,,,,,Pachulia Foul Turnover (P3.T13),4:29 PM
359,0,8,436,0021600457,SUB: Jefferson FOR Irving,,2:02,3,4.0,4,0,202681,Kyrie Irving,CLE,Cleveland,1610612739.0,Cavaliers,2210,Richard Jefferson,CLE,Cleveland,1610612739.0,Cavaliers,0,,,,,,,,,4:30 PM
360,0,8,437,0021600457,,,2:02,3,5.0,5,0,2585,Zaza Pachulia,GSW,Golden State,1610612744.0,Warriors,201142,Kevin Durant,GSW,Golden State,1610612744.0,Warriors,0,,,,,,,,SUB: Durant FOR Pachulia,4:30 PM
361,1,2,439,0021600457,MISS James 29' 3PT Jump Shot,,1:43,3,4.0,0,0,2544,LeBron James,CLE,Cleveland,1610612739.0,Cavaliers,0,,,,,,0,,,,,,,,,4:30 PM
362,0,4,440,0021600457,,,1:42,3,5.0,0,0,201142,Kevin Durant,GSW,Golden State,1610612744.0,Warriors,0,,,,,,0,,,,,,,,Durant REBOUND (Off:0 Def:10),4:30 PM
363,79,1,442,0021600457,,,1:25,3,5.0,0,0,201142,Kevin Durant,GSW,Golden State,1610612744.0,Warriors,0,,,,,,0,,,,,,81 - 77,-4,Durant 15' Pullup Jump Shot (26 PTS),4:30 PM
364,1,2,443,0021600457,MISS Shumpert 16' Jump Shot,,1:14,3,4.0,0,0,202697,Iman Shumpert,CLE,Cleveland,1610612739.0,Cavaliers,0,,,,,,0,,,,,,,,,4:31 PM
365,0,4,444,0021600457,,,1:14,3,3.0,0,0,1610612744,,,,,,0,,,,,,0,,,,,,,,Warriors Rebound,4:31 PM
366,3,6,445,0021600457,Thompson L.B.FOUL (P2.PN) (M.Boland),,1:14,3,4.0,5,1,202684,Tristan Thompson,CLE,Cleveland,1610612739.0,Cavaliers,203110,Draymond Green,GSW,Golden State,1610612744.0,Warriors,0,,,,,,,,,4:31 PM
367,11,3,446,0021600457,,,1:14,3,5.0,0,0,203110,Draymond Green,GSW,Golden State,1610612744.0,Warriors,0,,,,,,0,,,,,,82 - 77,-5,Green Free Throw 1 of 2 (9 PTS),4:31 PM
368,12,3,448,0021600457,,,1:14,3,5.0,0,0,203110,Draymond Green,GSW,Golden State,1610612744.0,Warriors,0,,,,,,0,,,,,,83 - 77,-6,Green Free Throw 2 of 2 (10 PTS),4:31 PM
369,1,6,451,0021600457,,,1:01,3,5.0,4,1,201939,Stephen Curry,GSW,Golden State,1610612744.0,Warriors,202697,Iman Shumpert,CLE,Cleveland,1610612739.0,Cavaliers,0,,,,,,,,Curry P.FOUL (P3.PN) (M.Callahan),4:32 PM
370,11,3,453,0021600457,Shumpert Free Throw 1 of 2 (3 PTS),,1:01,3,4.0,0,0,202697,Iman Shumpert,CLE,Cleveland,1610612739.0,Cavaliers,0,,,,,,0,,,,,,83 - 78,-5,,4:32 PM
371,12,3,455,0021600457,Shumpert Free Throw 2 of 2 (4 PTS),,1:01,3,4.0,0,0,202697,Iman Shumpert,CLE,Cleveland,1610612739.0,Cavaliers,0,,,,,,0,,,,,,83 - 79,-4,,4:32 PM
372,1,1,458,0021600457,,,0:50,3,5.0,5,0,203546,Ian Clark,GSW,Golden State,1610612744.0,Warriors,203110,Draymond Green,GSW,Golden State,1610612744.0,Warriors,0,,,,,,85 - 79,-6,Clark 4' Jump Shot (4 PTS) (Green 3 AST),4:33 PM
373,1,2,460,0021600457,MISS Jefferson 13' Jump Shot,,0:36,3,4.0,0,0,2210,Richard Jefferson,CLE,Cleveland,1610612739.0,Cavaliers,0,,,,,,0,,,,,,,,,4:33 PM
374,0,4,461,0021600457,,,0:36,3,5.0,0,0,203110,Draymond Green,GSW,Golden State,1610612744.0,Warriors,0,,,,,,0,,,,,,,,Green REBOUND (Off:0 Def:4),4:33 PM
375,49,1,462,0021600457,,,0:28,3,5.0,0,0,201142,Kevin Durant,GSW,Golden State,1610612744.0,Warriors,0,,,,,,0,,,,,,87 - 79,-8,Durant  Driving Dunk (28 PTS),4:33 PM
376,1,5,463,0021600457,James Bad Pass Turnover (P5.T10),,0:06,3,4.0,5,0,2544,LeBron James,CLE,Cleveland,1610612739.0,Cavaliers,203546,Ian Clark,GSW,Golden State,1610612744.0,Warriors,0,,,,,,,,Clark STEAL (1 STL),4:34 PM
377,39,5,464,0021600457,,,0:05,3,5.0,0,0,2738,Andre Iguodala,GSW,Golden State,1610612744.0,Warriors,0,,,,,,0,,,,,,,,Iguodala Step Out of Bounds Turnover (P1.T14),4:34 PM
378,0,8,465,0021600457,SUB: Irving FOR Thompson,,0:05,3,4.0,4,0,202684,Tristan Thompson,CLE,Cleveland,1610612739.0,Cavaliers,202681,Kyrie Irving,CLE,Cleveland,1610612739.0,Cavaliers,0,,,,,,,,,4:34 PM
379,0,8,466,0021600457,,,0:05,3,5.0,5,0,201939,Stephen Curry,GSW,Golden State,1610612744.0,Warriors,2733,Shaun Livingston,GSW,Golden State,1610612744.0,Warriors,0,,,,,,,,SUB: Livingston FOR Curry,4:34 PM
380,0,8,467,0021600457,,,0:05,3,5.0,5,0,203110,Draymond Green,GSW,Golden State,1610612744.0,Warriors,1627775,Patrick McCaw,GSW,Golden State,1610612744.0,Warriors,0,,,,,,,,SUB: McCaw FOR Green,4:34 PM
381,2,6,468,0021600457,,,0:00,3,5.0,4,1,201142,Kevin Durant,GSW,Golden State,1610612744.0,Warriors,2544,LeBron James,CLE,Cleveland,1610612739.0,Cavaliers,0,,,,,,,,Durant S.FOUL (P2.PN) (S.Corbin),4:35 PM
382,11,3,469,0021600457,MISS James Free Throw 1 of 2,,0:00,3,4.0,0,0,2544,LeBron James,CLE,Cleveland,1610612739.0,Cavaliers,0,,,,,,0,,,,,,,,,4:35 PM
383,1,4,470,0021600457,CAVALIERS Rebound,,0:00,3,2.0,0,0,1610612739,,,,,,0,,,,,,0,,,,,,,,,4:35 PM
384,12,3,471,0021600457,James Free Throw 2 of 2 (27 PTS),,0:00,3,4.0,0,0,2544,LeBron James,CLE,Cleveland,1610612739.0,Cavaliers,0,,,,,,0,,,,,,87 - 80,-7,,4:35 PM
385,0,13,473,0021600457,,,0:00,3,0.0,0,0,0,,,,,,0,,,,,,0,,,,,,87 - 80,-7,,4:35 PM
386,0,12,475,0021600457,,,12:00,4,0.0,0,0,0,,,,,,0,,,,,,0,,,,,,87 - 80,-7,,4:39 PM
387,1,2,476,0021600457,,,11:44,4,5.0,0,0,201142,Kevin Durant,GSW,Golden State,1610612744.0,Warriors,0,,,,,,0,,,,,,,,MISS Durant 17' Jump Shot,4:39 PM
388,0,4,477,0021600457,Love REBOUND (Off:1 Def:3),,11:44,4,4.0,0,0,201567,Kevin Love,CLE,Cleveland,1610612739.0,Cavaliers,0,,,,,,0,,,,,,,,,4:39 PM
389,40,5,478,0021600457,Irving Out of Bounds Lost Ball Turnover (P1.T11),,11:36,4,4.0,0,0,202681,Kyrie Irving,CLE,Cleveland,1610612739.0,Cavaliers,0,,,,,,0,,,,,,,,,4:40 PM
390,1,6,479,0021600457,Jefferson P.FOUL (P2.T1) (M.Boland),,11:26,4,4.0,5,1,2210,Richard Jefferson,CLE,Cleveland,1610612739.0,Cavaliers,201142,Kevin Durant,GSW,Golden State,1610612744.0,Warriors,0,,,,,,,,,4:40 PM
391,42,1,480,0021600457,,,11:22,4,5.0,5,0,202691,Klay Thompson,GSW,Golden State,1610612744.0,Warriors,2738,Andre Iguodala,GSW,Golden State,1610612744.0,Warriors,0,,,,,,89 - 80,-9,Thompson 1' Driving Layup (24 PTS) (Iguodala 4 AST),4:40 PM
392,102,2,481,0021600457,MISS Irving 7' Driving Floating Bank Jump Shot,,11:02,4,4.0,0,0,202681,Kyrie Irving,CLE,Cleveland,1610612739.0,Cavaliers,0,,,,,,0,,,,,,,,,4:41 PM
393,0,4,482,0021600457,,,11:00,4,5.0,0,0,201142,Kevin Durant,GSW,Golden State,1610612744.0,Warriors,0,,,,,,0,,,,,,,,Durant REBOUND (Off:0 Def:11),4:41 PM
394,101,2,483,0021600457,,,10:52,4,5.0,0,0,201142,Kevin Durant,GSW,Golden State,1610612744.0,Warriors,0,,,,,,0,,,,,,,,MISS Durant 9' Driving Floating Jump Shot,4:41 PM
395,0,4,484,0021600457,Love REBOUND (Off:1 Def:4),,10:50,4,4.0,0,0,201567,Kevin Love,CLE,Cleveland,1610612739.0,Cavaliers,0,,,,,,0,,,,,,,,,4:41 PM
396,1,5,485,0021600457,Irving Bad Pass Turnover (P2.T12),,10:38,4,4.0,5,0,202681,Kyrie Irving,CLE,Cleveland,1610612739.0,Cavaliers,2561,David West,GSW,Golden State,1610612744.0,Warriors,0,,,,,,,,West STEAL (1 STL),4:41 PM
397,41,2,486,0021600457,Shumpert BLOCK (1 BLK),,10:34,4,5.0,0,4,2738,Andre Iguodala,GSW,Golden State,1610612744.0,Warriors,0,,,,,,202697,Iman Shumpert,CLE,Cleveland,1610612739.0,Cavaliers,,,MISS Iguodala 1' Running Layup,4:41 PM
398,0,4,487,0021600457,CAVALIERS Rebound,,10:34,4,2.0,0,0,1610612739,,,,,,0,,,,,,0,,,,,,,,,4:41 PM
399,58,2,488,0021600457,MISS Love 8' Turnaround Hook Shot,,10:13,4,4.0,0,0,201567,Kevin Love,CLE,Cleveland,1610612739.0,Cavaliers,0,,,,,,0,,,,,,,,,4:42 PM
400,0,4,489,0021600457,,,10:11,4,5.0,0,0,2561,David West,GSW,Golden State,1610612744.0,Warriors,0,,,,,,0,,,,,,,,West REBOUND (Off:1 Def:1),4:42 PM
401,5,1,490,0021600457,,,10:05,4,5.0,0,0,201142,Kevin Durant,GSW,Golden State,1610612744.0,Warriors,0,,,,,,0,,,,,,91 - 80,-11,Durant 1' Layup (30 PTS),4:42 PM
402,2,6,491,0021600457,Liggins S.FOUL (P2.T2) (M.Callahan),,10:05,4,4.0,5,1,202732,DeAndre Liggins,CLE,Cleveland,1610612739.0,Cavaliers,201142,Kevin Durant,GSW,Golden State,1610612744.0,Warriors,0,,,,,,,,,4:42 PM
403,10,3,492,0021600457,,,10:05,4,5.0,0,0,201142,Kevin Durant,GSW,Golden State,1610612744.0,Warriors,0,,,,,,0,,,,,,92 - 80,-12,Durant Free Throw 1 of 1 (31 PTS),4:42 PM
404,1,2,494,0021600457,MISS Love 26' 3PT Jump Shot,,9:43,4,4.0,0,0,201567,Kevin Love,CLE,Cleveland,1610612739.0,Cavaliers,0,,,,,,0,,,,,,,,,4:43 PM
405,0,4,495,0021600457,,,9:42,4,5.0,0,0,201142,Kevin Durant,GSW,Golden State,1610612744.0,Warriors,0,,,,,,0,,,,,,,,Durant REBOUND (Off:0 Def:12),4:43 PM
406,79,1,496,0021600457,,,9:35,4,5.0,0,0,201142,Kevin Durant,GSW,Golden State,1610612744.0,Warriors,0,,,,,,0,,,,,,94 - 80,-14,Durant 8' Pullup Jump Shot (33 PTS),4:43 PM
407,1,9,497,0021600457,CAVALIERS Timeout: Regular (Full 5 Short 1),,9:35,4,2.0,0,0,1610612739,,,,,,0,,,,,,0,,,,,,,,,4:43 PM
408,49,1,502,0021600457,Jefferson  Driving Dunk (4 PTS) (Irving 9 AST),,9:21,4,4.0,4,0,2210,Richard Jefferson,CLE,Cleveland,1610612739.0,Cavaliers,202681,Kyrie Irving,CLE,Cleveland,1610612739.0,Cavaliers,0,,,,,,94 - 82,-12,,4:46 PM
409,11,6,503,0021600457,Jefferson T.FOUL (P2.T2) (S.Corbin),,9:20,4,4.0,0,1,2210,Richard Jefferson,CLE,Cleveland,1610612739.0,Cavaliers,0,,,,,,0,,,,,,,,,4:46 PM
410,16,3,504,0021600457,,,9:20,4,5.0,0,0,201142,Kevin Durant,GSW,Golden State,1610612744.0,Warriors,0,,,,,,0,,,,,,95 - 82,-13,Durant Free Throw Technical (34 PTS),4:47 PM
411,79,2,506,0021600457,,,9:05,4,5.0,0,0,201142,Kevin Durant,GSW,Golden State,1610612744.0,Warriors,0,,,,,,0,,,,,,,,MISS Durant 13' Pullup Jump Shot,4:47 PM
412,0,4,507,0021600457,CAVALIERS Rebound,,9:05,4,2.0,0,0,1610612739,,,,,,0,,,,,,0,,,,,,,,,4:47 PM
413,1,2,508,0021600457,MISS Jefferson  3PT Jump Shot,,8:43,4,4.0,0,0,2210,Richard Jefferson,CLE,Cleveland,1610612739.0,Cavaliers,0,,,,,,0,,,,,,,,,4:48 PM
414,0,4,509,0021600457,,,8:42,4,5.0,0,0,2738,Andre Iguodala,GSW,Golden State,1610612744.0,Warriors,0,,,,,,0,,,,,,,,Iguodala REBOUND (Off:1 Def:2),4:48 PM
415,1,6,510,0021600457,Jefferson P.FOUL (P3.T3) (S.Corbin),,8:36,4,4.0,5,1,2210,Richard Jefferson,CLE,Cleveland,1610612739.0,Cavaliers,2561,David West,GSW,Golden State,1610612744.0,Warriors,0,,,,,,,,,4:48 PM
416,45,5,511,0021600457,,,8:29,4,5.0,0,0,2561,David West,GSW,Golden State,1610612744.0,Warriors,0,,,,,,0,,,,,,,,West Out of Bounds - Bad Pass Turnover Turnover (P1.T15),4:48 PM
417,1,2,512,0021600457,MISS Irving 26' 3PT Jump Shot,,8:17,4,4.0,0,0,202681,Kyrie Irving,CLE,Cleveland,1610612739.0,Cavaliers,0,,,,,,0,,,,,,,,,4:49 PM
418,0,4,513,0021600457,Shumpert REBOUND (Off:3 Def:1),,8:17,4,4.0,0,0,202697,Iman Shumpert,CLE,Cleveland,1610612739.0,Cavaliers,0,,,,,,0,,,,,,,,,4:49 PM
419,7,1,514,0021600457,Love  Dunk (20 PTS) (Shumpert 1 AST),,8:14,4,4.0,4,0,201567,Kevin Love,CLE,Cleveland,1610612739.0,Cavaliers,202697,Iman Shumpert,CLE,Cleveland,1610612739.0,Cavaliers,0,,,,,,95 - 84,-11,,4:49 PM
420,101,2,515,0021600457,,,7:57,4,5.0,0,0,201142,Kevin Durant,GSW,Golden State,1610612744.0,Warriors,0,,,,,,0,,,,,,,,MISS Durant 11' Driving Floating Jump Shot,4:49 PM
421,0,4,516,0021600457,Jefferson REBOUND (Off:0 Def:2),,7:55,4,4.0,0,0,2210,Richard Jefferson,CLE,Cleveland,1610612739.0,Cavaliers,0,,,,,,0,,,,,,,,,4:49 PM
422,1,1,517,0021600457,Irving 25' 3PT Jump Shot (14 PTS) (Liggins 1 AST),,7:34,4,4.0,4,0,202681,Kyrie Irving,CLE,Cleveland,1610612739.0,Cavaliers,202732,DeAndre Liggins,CLE,Cleveland,1610612739.0,Cavaliers,0,,,,,,95 - 87,-8,,4:50 PM
423,1,9,518,0021600457,,,7:33,4,3.0,0,0,1610612744,,,,,,0,,,,,,0,,,,,,,,Warriors Timeout: Regular (Reg.4 Short 1),4:50 PM
424,0,8,521,0021600457,,,7:33,4,5.0,5,0,201142,Kevin Durant,GSW,Golden State,1610612744.0,Warriors,201939,Stephen Curry,GSW,Golden State,1610612744.0,Warriors,0,,,,,,,,SUB: Curry FOR Durant,4:52 PM
425,0,8,522,0021600457,,,7:33,4,5.0,5,0,2738,Andre Iguodala,GSW,Golden State,1610612744.0,Warriors,203110,Draymond Green,GSW,Golden State,1610612744.0,Warriors,0,,,,,,,,SUB: Green FOR Iguodala,4:52 PM
426,0,8,523,0021600457,SUB: James FOR Liggins,,7:33,4,4.0,4,0,202732,DeAndre Liggins,CLE,Cleveland,1610612739.0,Cavaliers,2544,LeBron James,CLE,Cleveland,1610612739.0,Cavaliers,0,,,,,,,,,4:53 PM
427,1,2,524,0021600457,,,7:20,4,5.0,0,0,202691,Klay Thompson,GSW,Golden State,1610612744.0,Warriors,0,,,,,,0,,,,,,,,MISS Thompson 25' 3PT Jump Shot,4:53 PM
428,0,4,525,0021600457,Love REBOUND (Off:1 Def:5),,7:20,4,4.0,0,0,201567,Kevin Love,CLE,Cleveland,1610612739.0,Cavaliers,0,,,,,,0,,,,,,,,,4:53 PM
429,42,1,526,0021600457,Irving 2' Driving Layup (16 PTS),,7:13,4,4.0,0,0,202681,Kyrie Irving,CLE,Cleveland,1610612739.0,Cavaliers,0,,,,,,0,,,,,,95 - 89,-6,,4:53 PM
430,1,5,527,0021600457,James STEAL (2 STL),,6:54,4,5.0,4,0,203110,Draymond Green,GSW,Golden State,1610612744.0,Warriors,2544,LeBron James,CLE,Cleveland,1610612739.0,Cavaliers,0,,,,,,,,Green Bad Pass Turnover (P4.T16),4:54 PM
431,2,6,528,0021600457,,,6:45,4,5.0,4,1,201939,Stephen Curry,GSW,Golden State,1610612744.0,Warriors,2210,Richard Jefferson,CLE,Cleveland,1610612739.0,Cavaliers,0,,,,,,,,Curry S.FOUL (P4.T1) (S.Corbin),4:54 PM
432,11,3,529,0021600457,Jefferson Free Throw 1 of 2 (5 PTS),,6:45,4,4.0,0,0,2210,Richard Jefferson,CLE,Cleveland,1610612739.0,Cavaliers,0,,,,,,0,,,,,,95 - 90,-5,,4:54 PM
433,12,3,531,0021600457,Jefferson Free Throw 2 of 2 (6 PTS),,6:45,4,4.0,0,0,2210,Richard Jefferson,CLE,Cleveland,1610612739.0,Cavaliers,0,,,,,,0,,,,,,95 - 91,-4,,4:54 PM
434,7,1,533,0021600457,,,6:31,4,5.0,5,0,203110,Draymond Green,GSW,Golden State,1610612744.0,Warriors,2561,David West,GSW,Golden State,1610612744.0,Warriors,0,,,,,,97 - 91,-6,Green  Dunk (12 PTS) (West 5 AST),4:55 PM
435,1,1,534,0021600457,Irving 24' 3PT Jump Shot (19 PTS),,6:12,4,4.0,0,0,202681,Kyrie Irving,CLE,Cleveland,1610612739.0,Cavaliers,0,,,,,,0,,,,,,97 - 94,-3,,4:55 PM
436,1,5,535,0021600457,Irving STEAL (5 STL),,5:55,4,5.0,4,0,203110,Draymond Green,GSW,Golden State,1610612744.0,Warriors,202681,Kyrie Irving,CLE,Cleveland,1610612739.0,Cavaliers,0,,,,,,,,Green Bad Pass Turnover (P5.T17),4:55 PM
437,1,6,536,0021600457,,,5:48,4,5.0,4,1,203110,Draymond Green,GSW,Golden State,1610612744.0,Warriors,202681,Kyrie Irving,CLE,Cleveland,1610612739.0,Cavaliers,0,,,,,,,,Green P.FOUL (P4.T2) (M.Callahan),4:56 PM
438,0,8,537,0021600457,,,5:48,4,5.0,5,0,2561,David West,GSW,Golden State,1610612744.0,Warriors,201142,Kevin Durant,GSW,Golden State,1610612744.0,Warriors,0,,,,,,,,SUB: Durant FOR West,4:56 PM
439,42,2,538,0021600457,MISS Irving 1' Driving Layup,,5:37,4,4.0,0,0,202681,Kyrie Irving,CLE,Cleveland,1610612739.0,Cavaliers,0,,,,,,0,,,,,,,,,4:56 PM
440,0,4,539,0021600457,,,5:36,4,5.0,0,0,201939,Stephen Curry,GSW,Golden State,1610612744.0,Warriors,0,,,,,,0,,,,,,,,Curry REBOUND (Off:0 Def:3),4:56 PM
441,1,2,540,0021600457,,,5:31,4,5.0,0,0,201939,Stephen Curry,GSW,Golden State,1610612744.0,Warriors,0,,,,,,0,,,,,,,,MISS Curry 25' 3PT Jump Shot,4:56 PM
442,0,4,541,0021600457,,,5:30,4,3.0,0,0,1610612744,,,,,,0,,,,,,0,,,,,,,,Warriors Rebound,4:57 PM
443,1,2,543,0021600457,,,5:20,4,5.0,0,0,201142,Kevin Durant,GSW,Golden State,1610612744.0,Warriors,0,,,,,,0,,,,,,,,MISS Durant 27' 3PT Jump Shot,4:57 PM
444,0,4,544,0021600457,Irving REBOUND (Off:2 Def:3),,5:19,4,4.0,0,0,202681,Kyrie Irving,CLE,Cleveland,1610612739.0,Cavaliers,0,,,,,,0,,,,,,,,,4:57 PM
445,1,2,545,0021600457,MISS Love 25' 3PT Jump Shot,,5:12,4,4.0,0,0,201567,Kevin Love,CLE,Cleveland,1610612739.0,Cavaliers,0,,,,,,0,,,,,,,,,4:57 PM
446,0,4,546,0021600457,,,5:11,4,5.0,0,0,2733,Shaun Livingston,GSW,Golden State,1610612744.0,Warriors,0,,,,,,0,,,,,,,,Livingston REBOUND (Off:0 Def:3),4:57 PM
447,2,6,547,0021600457,Love S.FOUL (P5.T4) (S.Corbin),,5:07,4,4.0,5,1,201567,Kevin Love,CLE,Cleveland,1610612739.0,Cavaliers,201142,Kevin Durant,GSW,Golden State,1610612744.0,Warriors,0,,,,,,,,,4:57 PM
448,11,3,548,0021600457,,,5:07,4,5.0,0,0,201142,Kevin Durant,GSW,Golden State,1610612744.0,Warriors,0,,,,,,0,,,,,,98 - 94,-4,Durant Free Throw 1 of 2 (35 PTS),4:58 PM
449,12,3,550,0021600457,,,5:07,4,5.0,0,0,201142,Kevin Durant,GSW,Golden State,1610612744.0,Warriors,0,,,,,,0,,,,,,99 - 94,-5,Durant Free Throw 2 of 2 (36 PTS),4:58 PM
450,1,6,552,0021600457,,,4:55,4,5.0,4,1,202691,Klay Thompson,GSW,Golden State,1610612744.0,Warriors,202697,Iman Shumpert,CLE,Cleveland,1610612739.0,Cavaliers,0,,,,,,,,Thompson P.FOUL (P1.T3) (S.Corbin),4:58 PM
451,1,1,553,0021600457,Shumpert 24' 3PT Jump Shot (7 PTS) (James 4 AST),,4:41,4,4.0,4,0,202697,Iman Shumpert,CLE,Cleveland,1610612739.0,Cavaliers,2544,LeBron James,CLE,Cleveland,1610612739.0,Cavaliers,0,,,,,,99 - 97,-2,,4:59 PM
452,98,1,554,0021600457,,,4:28,4,5.0,5,0,201939,Stephen Curry,GSW,Golden State,1610612744.0,Warriors,203110,Draymond Green,GSW,Golden State,1610612744.0,Warriors,0,,,,,,101 - 97,-4,Curry 1' Cutting Layup Shot (12 PTS) (Green 4 AST),4:59 PM
453,49,1,555,0021600457,Jefferson  Driving Dunk (8 PTS) (Love 3 AST),,4:10,4,4.0,4,0,2210,Richard Jefferson,CLE,Cleveland,1610612739.0,Cavaliers,201567,Kevin Love,CLE,Cleveland,1610612739.0,Cavaliers,0,,,,,,101 - 99,-2,,4:59 PM
454,101,1,556,0021600457,,,3:49,4,5.0,0,0,203110,Draymond Green,GSW,Golden State,1610612744.0,Warriors,0,,,,,,0,,,,,,103 - 99,-4,Green 7' Driving Floating Jump Shot (14 PTS),5:00 PM
455,1,9,557,0021600457,CAVALIERS Timeout: Regular (Full 6 Short 1),,3:46,4,2.0,0,0,1610612739,,,,,,0,,,,,,0,,,,,,,,,5:00 PM
456,0,8,560,0021600457,,,3:46,4,5.0,5,0,2733,Shaun Livingston,GSW,Golden State,1610612744.0,Warriors,2738,Andre Iguodala,GSW,Golden State,1610612744.0,Warriors,0,,,,,,,,SUB: Iguodala FOR Livingston,5:03 PM
457,108,1,561,0021600457,James  Cutting Dunk Shot (29 PTS) (Irving 10 AST),,3:36,4,4.0,4,0,2544,LeBron James,CLE,Cleveland,1610612739.0,Cavaliers,202681,Kyrie Irving,CLE,Cleveland,1610612739.0,Cavaliers,0,,,,,,103 - 101,-2,,5:03 PM
458,1,2,562,0021600457,,,3:17,4,5.0,0,0,203110,Draymond Green,GSW,Golden State,1610612744.0,Warriors,0,,,,,,0,,,,,,,,MISS Green 25' 3PT Jump Shot,5:03 PM
459,0,4,563,0021600457,CAVALIERS Rebound,,3:17,4,2.0,0,0,1610612739,,,,,,0,,,,,,0,,,,,,,,,5:03 PM
460,1,2,564,0021600457,MISS Shumpert 26' 3PT Jump Shot,,2:48,4,4.0,0,0,202697,Iman Shumpert,CLE,Cleveland,1610612739.0,Cavaliers,0,,,,,,0,,,,,,,,,5:04 PM
461,0,4,565,0021600457,Irving REBOUND (Off:3 Def:3),,2:48,4,4.0,0,0,202681,Kyrie Irving,CLE,Cleveland,1610612739.0,Cavaliers,0,,,,,,0,,,,,,,,,5:04 PM
462,5,2,566,0021600457,MISS Irving 2' Layup,,2:44,4,4.0,0,0,202681,Kyrie Irving,CLE,Cleveland,1610612739.0,Cavaliers,0,,,,,,0,,,,,,,,,5:04 PM
463,0,4,567,0021600457,,,2:42,4,5.0,0,0,201142,Kevin Durant,GSW,Golden State,1610612744.0,Warriors,0,,,,,,0,,,,,,,,Durant REBOUND (Off:0 Def:13),5:04 PM
464,1,5,568,0021600457,Irving STEAL (6 STL),,2:33,4,5.0,4,0,203110,Draymond Green,GSW,Golden State,1610612744.0,Warriors,202681,Kyrie Irving,CLE,Cleveland,1610612739.0,Cavaliers,0,,,,,,,,Green Bad Pass Turnover (P6.T18),5:04 PM
465,42,1,569,0021600457,Irving  Driving Layup (21 PTS) (Shumpert 2 AST),,2:18,4,4.0,4,0,202681,Kyrie Irving,CLE,Cleveland,1610612739.0,Cavaliers,202697,Iman Shumpert,CLE,Cleveland,1610612739.0,Cavaliers,0,,,,,,103 - 103,TIE,,5:05 PM
466,1,2,570,0021600457,,,1:55,4,5.0,0,0,201142,Kevin Durant,GSW,Golden State,1610612744.0,Warriors,0,,,,,,0,,,,,,,,MISS Durant 20' Jump Shot,5:05 PM
467,0,4,571,0021600457,Shumpert REBOUND (Off:3 Def:2),,1:54,4,4.0,0,0,202697,Iman Shumpert,CLE,Cleveland,1610612739.0,Cavaliers,0,,,,,,0,,,,,,,,,5:05 PM
468,108,1,572,0021600457,James  Cutting Dunk Shot (31 PTS),,1:43,4,4.0,0,0,2544,LeBron James,CLE,Cleveland,1610612739.0,Cavaliers,0,,,,,,0,,,,,,103 - 105,2,,5:05 PM
469,2,6,573,0021600457,,,1:43,4,5.0,4,1,203110,Draymond Green,GSW,Golden State,1610612744.0,Warriors,2544,LeBron James,CLE,Cleveland,1610612739.0,Cavaliers,0,,,,,,,,Green S.FOUL (P5.T4) (S.Corbin),5:05 PM
470,1,9,574,0021600457,,,1:43,4,3.0,0,0,1610612744,,,,,,0,,,,,,0,,,,,,,,Warriors Timeout: Regular (Reg.5 Short 1),5:06 PM
471,10,3,578,0021600457,MISS James Free Throw 1 of 1,,1:43,4,4.0,0,0,2544,LeBron James,CLE,Cleveland,1610612739.0,Cavaliers,0,,,,,,0,,,,,,,,,5:07 PM
472,0,4,580,0021600457,,,1:43,4,5.0,0,0,201142,Kevin Durant,GSW,Golden State,1610612744.0,Warriors,0,,,,,,0,,,,,,,,Durant REBOUND (Off:0 Def:14),5:08 PM
473,108,1,581,0021600457,,,1:31,4,5.0,5,0,203110,Draymond Green,GSW,Golden State,1610612744.0,Warriors,202691,Klay Thompson,GSW,Golden State,1610612744.0,Warriors,0,,,,,,105 - 105,TIE,Green  Cutting Dunk Shot (16 PTS) (Thompson 1 AST),5:08 PM
474,44,2,582,0021600457,MISS Irving 2' Reverse Layup,,1:19,4,4.0,0,5,202681,Kyrie Irving,CLE,Cleveland,1610612739.0,Cavaliers,0,,,,,,202691,Klay Thompson,GSW,Golden State,1610612744.0,Warriors,,,Thompson BLOCK (1 BLK),5:08 PM
475,0,4,583,0021600457,,,1:15,4,5.0,0,0,201142,Kevin Durant,GSW,Golden State,1610612744.0,Warriors,0,,,,,,0,,,,,,,,Durant REBOUND (Off:0 Def:15),5:08 PM
476,1,1,584,0021600457,,,1:14,4,5.0,5,0,201939,Stephen Curry,GSW,Golden State,1610612744.0,Warriors,201142,Kevin Durant,GSW,Golden State,1610612744.0,Warriors,0,,,,,,108 - 105,-3,Curry 26' 3PT Jump Shot (15 PTS) (Durant 3 AST),5:08 PM
477,2,9,585,0021600457,CAVALIERS Timeout: Short (Full 6 Short 2),,1:14,4,2.0,0,0,1610612739,,,,,,0,,,,,,0,,,,,,,,,5:08 PM
478,1,2,589,0021600457,MISS Jefferson 29' 3PT Jump Shot,,0:46,4,4.0,0,0,2210,Richard Jefferson,CLE,Cleveland,1610612739.0,Cavaliers,0,,,,,,0,,,,,,,,,5:10 PM
479,0,4,590,0021600457,,,0:46,4,5.0,0,0,2738,Andre Iguodala,GSW,Golden State,1610612744.0,Warriors,0,,,,,,0,,,,,,,,Iguodala REBOUND (Off:1 Def:3),5:10 PM
480,1,5,591,0021600457,Irving STEAL (7 STL),,0:42,4,5.0,4,0,2738,Andre Iguodala,GSW,Golden State,1610612744.0,Warriors,202681,Kyrie Irving,CLE,Cleveland,1610612739.0,Cavaliers,0,,,,,,,,Iguodala Bad Pass Turnover (P2.T19),5:10 PM
481,42,1,592,0021600457,Irving 2' Driving Layup (23 PTS),,0:37,4,4.0,0,0,202681,Kyrie Irving,CLE,Cleveland,1610612739.0,Cavaliers,0,,,,,,0,,,,,,108 - 107,-1,,5:10 PM
482,11,5,593,0021600457,,,0:13,4,3.0,0,1,1610612744,,,,,,0,,,,,,0,,,,,,,,Warriors Turnover: Shot Clock (T#20),5:11 PM
483,0,18,594,0021600457,,,0:13,4,,0,1,593,,,,,,0,,,,,,0,,,,,,,,,5:11 PM
484,0,18,595,0021600457,,,0:13,4,0.0,0,1,0,,,,,,0,,,,,,0,,,,,,108 - 107,-1,,5:12 PM
485,0,8,597,0021600457,,,0:13,4,5.0,5,0,201939,Stephen Curry,GSW,Golden State,1610612744.0,Warriors,2733,Shaun Livingston,GSW,Golden State,1610612744.0,Warriors,0,,,,,,,,SUB: Livingston FOR Curry,5:12 PM
486,86,1,598,0021600457,Irving 13' Turnaround Fadeaway (25 PTS),,0:03,4,4.0,0,0,202681,Kyrie Irving,CLE,Cleveland,1610612739.0,Cavaliers,0,,,,,,0,,,,,,108 - 109,1,,5:12 PM
487,2,9,599,0021600457,,,0:03,4,3.0,0,0,1610612744,,,,,,0,,,,,,0,,,,,,,,Warriors Timeout: Short (Reg.5 Short 2),5:13 PM
488,0,8,601,0021600457,,,0:03,4,5.0,5,0,2733,Shaun Livingston,GSW,Golden State,1610612744.0,Warriors,201939,Stephen Curry,GSW,Golden State,1610612744.0,Warriors,0,,,,,,,,SUB: Curry FOR Livingston,5:13 PM
489,0,8,602,0021600457,SUB: Liggins FOR Love,,0:03,4,4.0,4,0,201567,Kevin Love,CLE,Cleveland,1610612739.0,Cavaliers,202732,DeAndre Liggins,CLE,Cleveland,1610612739.0,Cavaliers,0,,,,,,,,,5:14 PM
490,1,2,605,0021600457,,,0:00,4,5.0,0,0,201142,Kevin Durant,GSW,Golden State,1610612744.0,Warriors,0,,,,,,0,,,,,,,,MISS Durant 34' 3PT Jump Shot,5:14 PM
491,0,4,606,0021600457,,,0:00,4,3.0,0,0,1610612744,,,,,,0,,,,,,0,,,,,,,,Warriors Rebound,5:14 PM
492,0,13,607,0021600457,,,0:00,4,0.0,0,0,0,,,,,,0,,,,,,0,,,,,,108 - 109,1,,5:15 PM
